bedrooms,beds,Price,n_person
1.0,2.0,60.0,2
1.0,1.0,106.0,2
1.0,1.0,135.0,2
1.0,1.0,75.0,2
1.0,1.0,55.0,1
2.0,2.0,240.0,4
2.0,2.0,179.0,3
2.0,2.0,250.0,4
1.0,1.0,,2
2.0,2.0,222.0,4
1.0,1.0,175.0,3
2.0,2.0,149.0,4
1.0,1.0,120.0,2
1.0,1.0,40.0,2
1.0,2.0,90.0,2
1.0,2.0,90.0,2
1.0,1.0,82.0,1
,2.0,109.0,4
1.0,1.0,115.0,2
1.0,2.0,42.0,2
1.0,1.0,99.0,2
1.0,,73.0,2
3.0,3.0,270.0,4
1.0,1.0,155.0,2
1.0,1.0,88.0,1
1.0,1.0,157.0,2
2.0,3.0,120.0,3
2.0,2.0,250.0,3
1.0,1.0,70.0,2
1.0,3.0,165.0,4
1.0,1.0,90.0,2
3.0,4.0,200.0,4
1.0,2.0,115.0,3
1.0,1.0,265.0,2
1.0,1.0,119.0,2
1.0,2.0,135.0,3
2.0,3.0,470.0,4
1.0,,122.0,2
2.0,2.0,385.0,4
1.0,1.0,211.0,2
2.0,2.0,,4
1.0,1.0,88.0,2
1.0,1.0,145.0,2
1.0,1.0,125.0,2
5.0,12.0,707.0,12
1.0,1.0,90.0,2
1.0,1.0,97.0,2
1.0,1.0,105.0,2
1.0,1.0,145.0,2
1.0,2.0,94.0,2
1.0,1.0,95.0,2
2.0,2.0,200.0,4
10.0,,707.0,16
1.0,1.0,125.0,2
1.0,1.0,95.0,2
1.0,1.0,220.0,2
1.0,6.0,232.0,4
4.0,4.0,220.0,4
1.0,1.0,65.0,2
3.0,3.0,395.0,4
1.0,1.0,200.0,2
4.0,4.0,245.0,4
2.0,3.0,328.0,3
1.0,1.0,120.0,2
1.0,1.0,182.0,2
1.0,1.0,119.0,2
1.0,1.0,280.0,2
1.0,1.0,85.0,2
1.0,1.0,119.0,2
1.0,1.0,110.0,2
1.0,1.0,145.0,3
3.0,5.0,310.0,4
1.0,1.0,113.0,2
2.0,2.0,,4
3.0,3.0,185.0,4
2.0,3.0,70.0,3
2.0,2.0,100.0,3
2.0,3.0,275.0,4
3.0,2.0,171.0,2
1.0,1.0,95.0,2
,1.0,100.0,2
3.0,3.0,120.0,5
3.0,5.0,299.0,4
2.0,3.0,131.0,3
2.0,3.0,600.0,4
2.0,3.0,275.0,4
1.0,2.0,120.0,4
1.0,1.0,145.0,4
2.0,1.0,159.0,4
1.0,1.0,200.0,2
3.0,3.0,180.0,4
1.0,1.0,100.0,2
2.0,2.0,140.0,4
2.0,2.0,345.0,4
3.0,5.0,200.0,7
,1.0,80.0,2
1.0,1.0,110.0,2
1.0,1.0,140.0,2
1.0,2.0,91.0,2
1.0,2.0,75.0,3
2.0,2.0,150.0,4
4.0,4.0,245.0,4
1.0,1.0,124.0,2
3.0,3.0,170.0,5
3.0,6.0,300.0,6
2.0,2.0,100.0,4
4.0,5.0,250.0,6
1.0,1.0,120.0,3
4.0,,295.0,4
1.0,1.0,52.0,2
,1.0,62.0,2
1.0,1.0,87.0,2
3.0,2.0,450.0,4
,1.0,76.0,2
3.0,3.0,100.0,5
,4.0,109.0,4
1.0,1.0,140.0,2
4.0,5.0,240.0,4
1.0,1.0,111.0,2
1.0,1.0,111.0,2
4.0,6.0,275.0,4
1.0,1.0,146.0,2
1.0,1.0,395.0,2
1.0,1.0,65.0,2
1.0,2.0,51.0,2
1.0,1.0,120.0,2
1.0,2.0,125.0,3
2.0,2.0,95.0,2
1.0,1.0,70.0,2
2.0,4.0,120.0,4
1.0,1.0,98.0,2
1.0,1.0,136.0,2
2.0,4.0,240.0,4
1.0,1.0,110.0,2
1.0,1.0,55.0,2
1.0,1.0,130.0,2
1.0,1.0,120.0,2
1.0,3.0,156.0,4
1.0,2.0,72.0,3
2.0,4.0,235.0,4
1.0,1.0,250.0,2
1.0,1.0,150.0,2
1.0,1.0,75.0,2
1.0,,81.0,2
2.0,2.0,150.0,4
1.0,1.0,99.0,1
3.0,3.0,399.0,4
10.0,24.0,843.0,16
2.0,2.0,125.0,4
2.0,2.0,199.0,4
1.0,1.0,103.0,2
1.0,1.0,136.0,2
1.0,1.0,60.0,1
2.0,2.0,165.0,4
1.0,3.0,173.0,4
1.0,2.0,110.0,2
1.0,1.0,100.0,4
1.0,2.0,325.0,4
3.0,5.0,225.0,6
2.0,2.0,180.0,2
1.0,,90.0,2
1.0,1.0,57.0,2
1.0,,250.0,2
1.0,1.0,109.0,2
4.0,6.0,250.0,6
1.0,1.0,89.0,2
1.0,1.0,118.0,2
1.0,1.0,110.0,2
1.0,1.0,149.0,2
2.0,3.0,399.0,4
2.0,3.0,200.0,4
1.0,1.0,133.0,2
2.0,,150.0,4
2.0,2.0,160.0,3
1.0,1.0,77.0,2
1.0,1.0,85.0,2
1.0,1.0,103.0,2
1.0,1.0,122.0,2
1.0,2.0,125.0,2
3.0,3.0,180.0,4
4.0,5.0,150.0,4
2.0,2.0,127.0,4
3.0,2.0,800.0,4
3.0,3.0,196.0,4
1.0,1.0,180.0,2
1.0,3.0,130.0,4
2.0,2.0,180.0,4
1.0,1.0,126.0,2
1.0,2.0,74.0,3
5.0,8.0,359.0,6
,2.0,132.0,2
1.0,2.0,89.0,3
1.0,1.0,137.0,2
2.0,3.0,90.0,4
2.0,2.0,285.0,4
1.0,1.0,250.0,2
1.0,1.0,120.0,2
1.0,1.0,59.0,2
1.0,1.0,87.0,2
2.0,2.0,210.0,4
4.0,4.0,275.0,4
1.0,1.0,125.0,1
4.0,4.0,399.0,6
1.0,2.0,165.0,4
1.0,1.0,125.0,4
1.0,1.0,130.0,2
2.0,2.0,122.0,4
7.0,16.0,514.0,16
3.0,4.0,195.0,5
1.0,2.0,90.0,2
1.0,1.0,85.0,2
3.0,3.0,140.0,4
1.0,2.0,72.0,2
1.0,2.0,77.0,2
5.0,5.0,300.0,6
1.0,1.0,74.0,2
2.0,3.0,355.0,4
1.0,2.0,95.0,2
1.0,1.0,84.0,2
1.0,1.0,41.0,2
3.0,2.0,145.0,4
2.0,2.0,120.0,3
1.0,2.0,80.0,2
1.0,2.0,71.0,2
2.0,5.0,343.0,6
2.0,4.0,153.0,4
1.0,1.0,200.0,2
1.0,1.0,129.0,2
1.0,,98.0,2
1.0,1.0,38.0,2
1.0,2.0,136.0,2
,1.0,87.0,2
1.0,1.0,140.0,2
4.0,6.0,128.0,5
3.0,3.0,225.0,5
1.0,1.0,88.0,2
2.0,2.0,295.0,4
3.0,3.0,950.0,4
1.0,2.0,177.0,2
4.0,5.0,595.0,4
1.0,1.0,150.0,2
3.0,4.0,267.0,6
1.0,1.0,62.0,2
1.0,1.0,99.0,2
1.0,1.0,135.0,4
2.0,2.0,100.0,4
2.0,1.0,125.0,2
1.0,2.0,106.0,4
1.0,3.0,133.0,2
1.0,1.0,100.0,2
2.0,2.0,180.0,3
1.0,1.0,80.0,2
1.0,2.0,130.0,3
1.0,1.0,116.0,2
3.0,4.0,250.0,5
1.0,1.0,41.0,2
1.0,1.0,250.0,2
,2.0,85.0,2
1.0,1.0,40.0,2
1.0,1.0,102.0,2
2.0,4.0,46.0,4
1.0,1.0,75.0,2
1.0,1.0,100.0,2
1.0,2.0,99.0,2
4.0,4.0,300.0,4
1.0,1.0,285.0,2
4.0,4.0,295.0,4
1.0,1.0,120.0,2
3.0,3.0,110.0,4
1.0,1.0,120.0,2
1.0,3.0,130.0,4
4.0,4.0,263.0,4
2.0,1.0,88.0,4
1.0,1.0,80.0,2
1.0,4.0,90.0,4
1.0,1.0,150.0,2
3.0,3.0,160.0,4
1.0,1.0,73.0,2
3.0,3.0,299.0,4
3.0,3.0,260.0,4
2.0,2.0,180.0,4
,2.0,160.0,2
3.0,5.0,399.0,5
2.0,2.0,250.0,4
3.0,3.0,250.0,4
1.0,1.0,108.0,2
1.0,,225.0,2
2.0,2.0,100.0,3
1.0,1.0,69.0,2
2.0,1.0,225.0,4
1.0,1.0,350.0,2
1.0,,155.0,4
3.0,6.0,500.0,5
1.0,1.0,101.0,2
2.0,2.0,175.0,4
1.0,1.0,130.0,2
1.0,1.0,120.0,2
2.0,2.0,99.0,3
2.0,3.0,175.0,4
4.0,4.0,400.0,4
3.0,3.0,193.0,4
1.0,1.0,64.0,2
1.0,1.0,59.0,1
1.0,1.0,140.0,2
1.0,1.0,111.0,1
2.0,2.0,135.0,4
1.0,2.0,175.0,4
1.0,,75.0,2
3.0,5.0,102.0,4
3.0,1.0,300.0,4
2.0,2.0,159.0,4
1.0,,77.0,4
1.0,1.0,74.0,1
1.0,1.0,165.0,2
1.0,1.0,91.0,3
1.0,2.0,76.0,2
2.0,2.0,234.0,2
3.0,3.0,220.0,5
1.0,1.0,108.0,2
1.0,1.0,71.0,2
1.0,3.0,60.0,1
3.0,4.0,150.0,4
2.0,2.0,100.0,4
1.0,1.0,125.0,2
2.0,2.0,150.0,4
1.0,1.0,58.0,2
1.0,,250.0,2
1.0,1.0,115.0,2
1.0,1.0,155.0,2
2.0,3.0,139.0,4
2.0,2.0,285.0,4
1.0,1.0,150.0,2
1.0,2.0,180.0,4
2.0,1.0,101.0,4
1.0,1.0,95.0,2
1.0,1.0,166.0,2
2.0,2.0,175.0,4
1.0,1.0,61.0,2
4.0,5.0,285.0,4
,,75.0,5
1.0,1.0,103.0,2
1.0,2.0,117.0,2
2.0,2.0,264.0,3
1.0,1.0,86.0,2
2.0,2.0,251.0,4
1.0,2.0,210.0,2
1.0,,153.0,2
1.0,1.0,65.0,2
1.0,1.0,150.0,2
1.0,2.0,70.0,2
1.0,1.0,63.0,2
2.0,3.0,475.0,4
1.0,1.0,51.0,2
2.0,2.0,115.0,4
3.0,3.0,397.0,4
2.0,2.0,125.0,3
1.0,2.0,119.0,3
1.0,1.0,155.0,2
1.0,2.0,120.0,2
1.0,1.0,102.0,2
3.0,4.0,200.0,6
3.0,3.0,220.0,4
1.0,2.0,75.0,3
1.0,1.0,90.0,2
4.0,4.0,299.0,6
1.0,1.0,114.0,2
3.0,4.0,200.0,4
2.0,3.0,175.0,4
2.0,2.0,337.0,4
1.0,1.0,180.0,2
1.0,1.0,229.0,2
3.0,4.0,245.0,4
2.0,2.0,302.0,4
1.0,1.0,180.0,2
1.0,1.0,56.0,2
1.0,1.0,97.0,2
1.0,,130.0,2
1.0,1.0,125.0,2
2.0,3.0,120.0,4
1.0,1.0,100.0,2
1.0,1.0,80.0,2
1.0,1.0,50.0,2
1.0,1.0,289.0,4
4.0,6.0,150.0,4
3.0,3.0,400.0,4
1.0,1.0,93.0,2
4.0,5.0,200.0,5
2.0,2.0,325.0,4
1.0,,61.0,1
,1.0,100.0,2
2.0,1.0,122.0,2
1.0,1.0,120.0,2
1.0,1.0,126.0,2
1.0,1.0,80.0,2
2.0,2.0,75.0,2
1.0,,120.0,2
1.0,1.0,170.0,2
3.0,7.0,557.0,12
2.0,2.0,400.0,4
2.0,,150.0,4
1.0,2.0,105.0,2
1.0,2.0,67.0,2
,1.0,135.0,2
1.0,1.0,136.0,1
1.0,4.0,95.0,4
2.0,2.0,200.0,4
3.0,2.0,164.0,4
4.0,6.0,130.0,6
2.0,2.0,230.0,4
1.0,1.0,175.0,2
2.0,2.0,279.0,4
2.0,2.0,149.0,4
1.0,1.0,150.0,2
2.0,2.0,130.0,3
2.0,3.0,275.0,4
3.0,2.0,350.0,4
1.0,1.0,75.0,3
1.0,1.0,115.0,2
1.0,1.0,195.0,2
1.0,1.0,135.0,2
1.0,,99.0,2
1.0,,114.0,2
1.0,1.0,75.0,2
1.0,1.0,136.0,1
,1.0,170.0,2
1.0,1.0,200.0,4
1.0,2.0,108.0,3
1.0,1.0,102.0,2
2.0,2.0,115.0,4
1.0,1.0,99.0,2
1.0,1.0,110.0,2
1.0,2.0,95.0,2
3.0,4.0,150.0,4
1.0,1.0,60.0,2
1.0,1.0,125.0,2
4.0,4.0,143.0,4
4.0,4.0,466.0,6
1.0,1.0,90.0,2
1.0,1.0,190.0,4
1.0,1.0,150.0,2
1.0,2.0,175.0,2
1.0,1.0,180.0,2
2.0,1.0,125.0,3
1.0,1.0,52.0,2
5.0,6.0,800.0,6
2.0,4.0,125.0,4
2.0,2.0,160.0,4
1.0,1.0,179.0,2
3.0,5.0,160.0,4
1.0,5.0,329.0,4
1.0,1.0,43.0,1
3.0,3.0,522.0,5
3.0,3.0,150.0,4
2.0,2.0,250.0,4
1.0,,177.0,2
2.0,2.0,300.0,3
1.0,1.0,130.0,2
,1.0,139.0,2
2.0,3.0,214.0,4
1.0,1.0,80.0,2
1.0,1.0,114.0,2
2.0,2.0,180.0,4
1.0,3.0,136.0,4
1.0,,215.0,2
4.0,2.0,170.0,5
1.0,2.0,95.0,3
1.0,1.0,99.0,2
1.0,1.0,90.0,2
1.0,2.0,106.0,3
1.0,1.0,165.0,3
1.0,1.0,79.0,2
1.0,1.0,109.0,4
1.0,1.0,71.0,2
1.0,1.0,188.0,2
1.0,1.0,60.0,2
1.0,1.0,214.0,2
1.0,2.0,100.0,3
1.0,,200.0,2
1.0,1.0,99.0,2
2.0,5.0,213.0,4
2.0,3.0,234.0,5
1.0,1.0,73.0,2
1.0,1.0,69.0,2
1.0,1.0,89.0,2
1.0,1.0,136.0,2
1.0,1.0,85.0,2
3.0,3.0,300.0,4
1.0,1.0,98.0,2
1.0,1.0,135.0,2
1.0,1.0,98.0,2
1.0,1.0,98.0,2
1.0,2.0,125.0,4
4.0,8.0,239.0,6
2.0,3.0,150.0,3
1.0,1.0,155.0,2
2.0,4.0,275.0,4
3.0,4.0,215.0,4
3.0,12.0,288.0,12
3.0,3.0,275.0,4
1.0,1.0,114.0,2
3.0,3.0,189.0,3
1.0,1.0,82.0,1
2.0,,199.0,4
1.0,4.0,214.0,4
1.0,1.0,147.0,2
1.0,1.0,33.0,2
,2.0,83.0,3
1.0,1.0,35.0,2
2.0,3.0,300.0,4
1.0,2.0,106.0,2
2.0,2.0,185.0,4
2.0,3.0,200.0,4
3.0,3.0,140.0,4
1.0,1.0,101.0,2
4.0,4.0,230.0,5
1.0,1.0,200.0,2
,1.0,107.0,2
1.0,,87.0,3
1.0,2.0,63.0,2
1.0,2.0,68.0,2
1.0,1.0,180.0,4
1.0,1.0,85.0,2
2.0,2.0,120.0,4
1.0,1.0,150.0,2
1.0,1.0,260.0,2
2.0,2.0,200.0,4
3.0,4.0,200.0,3
1.0,1.0,65.0,2
1.0,1.0,155.0,2
1.0,1.0,111.0,2
2.0,2.0,160.0,4
1.0,1.0,110.0,2
1.0,1.0,500.0,2
1.0,2.0,86.0,2
1.0,2.0,66.0,2
1.0,2.0,63.0,2
1.0,2.0,76.0,2
1.0,2.0,68.0,2
1.0,,99.0,2
1.0,1.0,165.0,2
1.0,1.0,175.0,2
1.0,1.0,102.0,2
3.0,,250.0,4
1.0,1.0,180.0,2
1.0,,80.0,1
,1.0,89.0,2
2.0,2.0,125.0,3
2.0,3.0,120.0,2
3.0,4.0,175.0,4
1.0,1.0,80.0,2
1.0,1.0,120.0,2
1.0,1.0,158.0,3
2.0,3.0,199.0,4
1.0,1.0,95.0,2
2.0,,135.0,4
1.0,1.0,106.0,2
1.0,1.0,66.0,2
5.0,4.0,125.0,4
2.0,3.0,200.0,4
1.0,1.0,110.0,3
1.0,1.0,87.0,2
2.0,3.0,160.0,2
2.0,3.0,325.0,4
2.0,3.0,149.0,2
2.0,5.0,250.0,4
2.0,2.0,225.0,4
3.0,3.0,249.0,4
1.0,2.0,110.0,2
4.0,4.0,516.0,4
1.0,3.0,80.0,2
1.0,4.0,181.0,4
1.0,2.0,80.0,4
2.0,2.0,250.0,4
1.0,1.0,99.0,2
3.0,4.0,200.0,4
3.0,4.0,345.0,5
1.0,1.0,99.0,2
1.0,1.0,78.0,2
1.0,1.0,65.0,2
2.0,3.0,241.0,4
1.0,2.0,57.0,4
3.0,5.0,380.0,4
5.0,6.0,795.0,6
,2.0,100.0,4
1.0,1.0,137.0,2
1.0,2.0,150.0,4
1.0,1.0,200.0,2
1.0,1.0,110.0,2
1.0,1.0,90.0,2
2.0,2.0,150.0,4
1.0,1.0,83.0,2
1.0,1.0,120.0,2
2.0,2.0,145.0,4
2.0,2.0,150.0,4
1.0,1.0,90.0,2
2.0,2.0,300.0,4
4.0,5.0,150.0,4
3.0,3.0,245.0,4
1.0,1.0,89.0,2
1.0,1.0,80.0,2
1.0,1.0,300.0,2
2.0,2.0,250.0,4
1.0,1.0,199.0,2
3.0,4.0,200.0,4
1.0,1.0,51.0,2
1.0,2.0,90.0,2
1.0,2.0,115.0,4
2.0,3.0,186.0,4
1.0,2.0,59.0,2
3.0,4.0,200.0,4
1.0,1.0,110.0,2
1.0,1.0,225.0,2
1.0,1.0,95.0,2
2.0,5.0,200.0,4
2.0,4.0,250.0,4
1.0,1.0,245.0,2
1.0,1.0,381.0,3
2.0,3.0,107.0,4
3.0,4.0,250.0,6
1.0,1.0,110.0,2
2.0,3.0,130.0,4
3.0,7.0,146.0,3
1.0,1.0,75.0,2
2.0,4.0,149.0,4
1.0,1.0,165.0,2
2.0,4.0,307.0,4
1.0,1.0,184.0,2
1.0,1.0,101.0,2
5.0,5.0,275.0,4
2.0,4.0,115.0,4
1.0,1.0,99.0,2
1.0,1.0,103.0,2
1.0,1.0,65.0,2
5.0,5.0,255.0,4
1.0,1.0,55.0,2
1.0,1.0,55.0,2
1.0,1.0,279.0,2
1.0,1.0,80.0,2
2.0,5.0,338.0,4
2.0,2.0,250.0,4
1.0,1.0,75.0,2
1.0,1.0,130.0,2
1.0,2.0,99.0,2
,2.0,90.0,3
2.0,2.0,125.0,4
2.0,3.0,275.0,4
2.0,1.0,222.0,2
2.0,2.0,180.0,4
2.0,2.0,120.0,2
3.0,3.0,325.0,4
2.0,2.0,85.0,4
1.0,1.0,130.0,2
2.0,2.0,350.0,4
6.0,12.0,409.0,12
1.0,1.0,105.0,2
1.0,2.0,140.0,4
1.0,2.0,199.0,2
1.0,1.0,65.0,2
1.0,1.0,85.0,2
1.0,1.0,110.0,2
3.0,3.0,495.0,4
1.0,2.0,103.0,3
2.0,1.0,106.0,2
1.0,2.0,100.0,3
2.0,2.0,414.0,4
1.0,1.0,136.0,2
3.0,3.0,175.0,6
1.0,1.0,153.0,2
1.0,2.0,240.0,4
1.0,1.0,80.0,2
1.0,1.0,82.0,1
1.0,4.0,115.0,4
,1.0,81.0,2
2.0,2.0,157.0,4
1.0,1.0,199.0,3
1.0,1.0,109.0,2
1.0,1.0,268.0,2
1.0,1.0,96.0,2
1.0,1.0,150.0,2
1.0,1.0,328.0,2
1.0,1.0,55.0,2
1.0,1.0,74.0,2
1.0,1.0,131.0,2
1.0,1.0,140.0,2
1.0,1.0,128.0,2
4.0,2.0,246.0,4
2.0,2.0,159.0,4
1.0,1.0,123.0,2
2.0,1.0,236.0,4
1.0,1.0,175.0,2
2.0,3.0,307.0,4
5.0,5.0,425.0,7
1.0,1.0,84.0,2
3.0,3.0,175.0,4
2.0,4.0,168.0,4
1.0,2.0,62.0,4
2.0,3.0,126.0,2
1.0,1.0,123.0,2
,1.0,105.0,2
1.0,1.0,200.0,2
1.0,1.0,53.0,2
1.0,1.0,96.0,2
1.0,1.0,75.0,2
2.0,3.0,225.0,4
1.0,,62.0,2
1.0,1.0,95.0,2
3.0,3.0,185.0,4
1.0,1.0,129.0,2
2.0,3.0,78.0,3
1.0,,70.0,2
1.0,3.0,290.0,4
3.0,5.0,129.0,4
2.0,2.0,200.0,4
1.0,1.0,108.0,3
1.0,2.0,110.0,4
2.0,4.0,150.0,4
1.0,1.0,135.0,2
6.0,14.0,493.0,14
2.0,3.0,109.0,3
3.0,2.0,200.0,4
1.0,1.0,80.0,2
1.0,2.0,500.0,3
1.0,1.0,150.0,2
1.0,1.0,69.0,2
1.0,1.0,85.0,2
3.0,5.0,280.0,4
1.0,1.0,105.0,2
1.0,4.0,155.0,4
1.0,1.0,125.0,2
3.0,3.0,300.0,4
3.0,6.0,225.0,6
1.0,1.0,128.0,2
1.0,1.0,90.0,2
3.0,3.0,145.0,4
1.0,1.0,205.0,2
1.0,2.0,96.0,2
1.0,1.0,89.0,2
1.0,1.0,225.0,2
1.0,4.0,300.0,4
2.0,2.0,295.0,4
5.0,16.0,729.0,16
3.0,,164.0,4
2.0,2.0,96.0,4
,1.0,120.0,2
1.0,2.0,65.0,2
,,60.0,3
,2.0,83.0,2
1.0,1.0,68.0,2
1.0,2.0,81.0,2
1.0,1.0,199.0,2
1.0,1.0,89.0,2
3.0,,90.0,4
2.0,1.0,120.0,2
2.0,2.0,124.0,3
1.0,1.0,85.0,2
2.0,2.0,165.0,4
1.0,2.0,176.0,4
3.0,,361.0,4
1.0,2.0,60.0,2
1.0,1.0,156.0,2
1.0,1.0,185.0,2
3.0,4.0,175.0,4
1.0,1.0,248.0,2
1.0,3.0,158.0,4
1.0,1.0,36.0,1
2.0,1.0,75.0,3
2.0,2.0,140.0,3
3.0,5.0,268.0,6
2.0,2.0,375.0,4
2.0,2.0,100.0,4
1.0,2.0,250.0,2
1.0,2.0,100.0,4
2.0,1.0,190.0,3
1.0,1.0,64.0,2
2.0,2.0,216.0,3
1.0,4.0,120.0,4
1.0,1.0,155.0,2
2.0,2.0,175.0,4
1.0,1.0,76.0,2
2.0,2.0,189.0,3
1.0,1.0,156.0,2
1.0,3.0,123.0,4
1.0,1.0,117.0,2
2.0,3.0,175.0,4
1.0,1.0,46.0,2
1.0,2.0,35.0,1
3.0,3.0,175.0,4
3.0,3.0,150.0,4
3.0,4.0,250.0,4
2.0,2.0,167.0,4
1.0,1.0,147.0,3
2.0,2.0,259.0,4
,2.0,280.0,4
1.0,1.0,160.0,2
2.0,3.0,129.0,4
1.0,1.0,181.0,2
4.0,3.0,169.0,4
3.0,3.0,207.0,4
2.0,2.0,233.0,4
2.0,2.0,185.0,4
1.0,2.0,75.0,4
1.0,1.0,50.0,2
4.0,4.0,320.0,4
1.0,3.0,189.0,4
1.0,2.0,100.0,2
1.0,1.0,125.0,2
2.0,2.0,857.0,4
2.0,2.0,95.0,3
1.0,1.0,40.0,2
1.0,1.0,80.0,2
1.0,1.0,132.0,2
1.0,1.0,95.0,2
1.0,2.0,105.0,3
2.0,2.0,169.0,4
5.0,6.0,525.0,6
1.0,1.0,151.0,2
3.0,4.0,130.0,4
2.0,1.0,150.0,3
3.0,3.0,319.0,4
3.0,,275.0,4
1.0,1.0,75.0,2
2.0,1.0,175.0,4
1.0,1.0,100.0,2
1.0,1.0,190.0,2
1.0,1.0,250.0,2
2.0,3.0,136.0,4
3.0,3.0,170.0,4
1.0,1.0,131.0,2
2.0,3.0,220.0,4
3.0,5.0,175.0,4
,2.0,175.0,2
1.0,1.0,88.0,2
3.0,3.0,150.0,4
,1.0,103.0,2
2.0,3.0,150.0,4
4.0,6.0,150.0,5
1.0,2.0,99.0,2
2.0,2.0,190.0,4
1.0,1.0,203.0,2
4.0,5.0,325.0,8
4.0,8.0,499.0,5
2.0,2.0,299.0,4
2.0,3.0,450.0,4
2.0,2.0,115.0,4
,,70.0,2
1.0,1.0,82.0,2
,3.0,160.0,4
1.0,3.0,120.0,4
2.0,,130.0,4
1.0,1.0,110.0,2
4.0,6.0,300.0,8
3.0,3.0,185.0,4
1.0,1.0,120.0,2
1.0,2.0,185.0,2
1.0,1.0,130.0,2
1.0,1.0,95.0,1
1.0,,70.0,3
2.0,3.0,195.0,4
1.0,1.0,100.0,2
2.0,2.0,200.0,4
3.0,3.0,292.0,4
,1.0,133.0,2
3.0,4.0,260.0,4
1.0,1.0,136.0,2
1.0,1.0,84.0,3
1.0,4.0,160.0,4
1.0,1.0,100.0,2
2.0,3.0,170.0,4
2.0,4.0,600.0,4
1.0,1.0,115.0,2
1.0,1.0,109.0,2
,2.0,85.0,4
1.0,5.0,82.0,4
3.0,5.0,220.0,4
2.0,3.0,199.0,4
3.0,3.0,305.0,4
1.0,1.0,71.0,3
4.0,4.0,260.0,4
2.0,2.0,245.0,4
1.0,1.0,69.0,2
1.0,1.0,104.0,2
1.0,3.0,128.0,4
1.0,2.0,71.0,2
2.0,1.0,139.0,2
2.0,2.0,115.0,3
1.0,1.0,99.0,2
1.0,2.0,250.0,4
1.0,1.0,104.0,2
4.0,4.0,230.0,4
1.0,2.0,69.0,3
1.0,1.0,125.0,2
1.0,2.0,125.0,3
1.0,1.0,97.0,2
2.0,3.0,325.0,4
4.0,4.0,360.0,6
1.0,1.0,250.0,2
1.0,1.0,141.0,2
1.0,2.0,205.0,4
1.0,1.0,121.0,4
1.0,,320.0,4
1.0,1.0,61.0,1
1.0,1.0,98.0,2
1.0,1.0,98.0,2
1.0,1.0,129.0,2
1.0,2.0,99.0,2
1.0,1.0,175.0,2
2.0,2.0,239.0,4
4.0,5.0,195.0,5
3.0,2.0,179.0,4
,1.0,113.0,2
3.0,3.0,250.0,4
2.0,2.0,149.0,3
2.0,2.0,107.0,4
1.0,1.0,149.0,2
3.0,4.0,185.0,4
,,114.0,2
1.0,1.0,119.0,2
2.0,2.0,132.0,2
3.0,5.0,150.0,4
2.0,4.0,150.0,4
1.0,1.0,120.0,2
1.0,1.0,214.0,2
1.0,1.0,100.0,2
2.0,3.0,75.0,3
1.0,3.0,225.0,3
1.0,1.0,336.0,2
,2.0,83.0,2
1.0,1.0,111.0,2
3.0,4.0,156.0,4
2.0,3.0,180.0,4
1.0,1.0,103.0,2
1.0,1.0,85.0,2
4.0,3.0,145.0,6
4.0,8.0,445.0,4
2.0,2.0,110.0,4
1.0,3.0,230.0,2
2.0,3.0,104.0,4
4.0,4.0,400.0,6
1.0,2.0,85.0,3
2.0,2.0,195.0,4
,2.0,120.0,3
1.0,1.0,160.0,2
2.0,4.0,100.0,2
1.0,1.0,125.0,2
1.0,1.0,190.0,2
1.0,1.0,148.0,2
5.0,5.0,320.0,4
1.0,1.0,85.0,2
1.0,1.0,200.0,2
2.0,2.0,210.0,4
1.0,1.0,75.0,1
1.0,1.0,165.0,2
1.0,1.0,65.0,2
3.0,3.0,175.0,4
1.0,2.0,199.0,3
1.0,1.0,48.0,2
1.0,1.0,175.0,4
1.0,2.0,95.0,3
1.0,1.0,200.0,2
1.0,1.0,123.0,2
3.0,4.0,220.0,4
1.0,1.0,85.0,2
1.0,3.0,82.0,4
4.0,3.0,280.0,4
3.0,4.0,175.0,4
1.0,1.0,121.0,3
2.0,4.0,275.0,4
1.0,1.0,165.0,2
1.0,1.0,60.0,2
2.0,3.0,110.0,5
1.0,1.0,46.0,1
1.0,,95.0,2
1.0,1.0,278.0,2
1.0,1.0,193.0,2
2.0,1.0,210.0,3
1.0,1.0,112.0,2
3.0,3.0,250.0,4
1.0,1.0,155.0,2
1.0,1.0,185.0,2
1.0,1.0,80.0,2
3.0,5.0,218.0,4
1.0,2.0,225.0,3
2.0,2.0,249.0,4
3.0,4.0,249.0,4
1.0,1.0,166.0,2
1.0,,90.0,2
1.0,1.0,164.0,2
1.0,1.0,94.0,2
3.0,4.0,340.0,4
2.0,2.0,207.0,4
3.0,3.0,250.0,4
1.0,1.0,121.0,2
4.0,5.0,279.0,5
1.0,1.0,147.0,2
1.0,1.0,180.0,2
1.0,1.0,165.0,2
1.0,1.0,129.0,2
2.0,,210.0,4
3.0,4.0,629.0,4
3.0,3.0,77.0,4
1.0,1.0,89.0,1
2.0,2.0,140.0,3
1.0,1.0,211.0,2
1.0,1.0,260.0,2
1.0,,120.0,2
3.0,4.0,119.0,4
2.0,4.0,120.0,4
1.0,1.0,250.0,2
1.0,1.0,240.0,2
1.0,1.0,99.0,2
4.0,7.0,350.0,6
1.0,1.0,110.0,2
3.0,,125.0,2
1.0,1.0,132.0,2
1.0,1.0,65.0,2
3.0,3.0,500.0,4
2.0,3.0,150.0,4
1.0,1.0,75.0,2
2.0,2.0,125.0,3
1.0,,102.0,2
4.0,7.0,170.0,6
1.0,1.0,180.0,2
2.0,2.0,250.0,4
2.0,4.0,110.0,4
1.0,1.0,110.0,2
2.0,3.0,78.0,4
3.0,3.0,333.0,5
1.0,2.0,150.0,3
1.0,1.0,90.0,2
2.0,2.0,159.0,4
1.0,3.0,48.0,4
1.0,1.0,105.0,2
1.0,4.0,74.0,4
2.0,3.0,110.0,3
2.0,2.0,250.0,4
1.0,1.0,68.0,2
1.0,1.0,109.0,2
1.0,1.0,79.0,2
1.0,1.0,133.0,2
1.0,,125.0,2
2.0,3.0,318.0,4
1.0,1.0,100.0,2
2.0,3.0,150.0,2
2.0,2.0,179.0,3
1.0,1.0,66.0,2
2.0,2.0,255.0,3
1.0,2.0,83.0,2
,2.0,115.0,2
4.0,4.0,231.0,5
1.0,1.0,45.0,1
1.0,1.0,76.0,2
1.0,1.0,95.0,2
3.0,4.0,175.0,4
2.0,2.0,156.0,3
1.0,1.0,125.0,2
1.0,1.0,80.0,2
1.0,1.0,45.0,2
2.0,2.0,183.0,3
1.0,1.0,131.0,2
3.0,3.0,150.0,4
,,125.0,3
1.0,2.0,107.0,3
3.0,4.0,250.0,4
2.0,2.0,71.0,3
1.0,1.0,129.0,2
1.0,2.0,171.0,4
1.0,1.0,76.0,2
1.0,1.0,96.0,2
1.0,1.0,140.0,2
1.0,1.0,89.0,2
,1.0,75.0,2
3.0,4.0,140.0,4
1.0,,90.0,2
1.0,1.0,200.0,2
1.0,1.0,120.0,2
1.0,1.0,35.0,2
1.0,2.0,140.0,4
1.0,1.0,57.0,2
2.0,2.0,180.0,4
2.0,2.0,200.0,4
1.0,1.0,90.0,2
1.0,1.0,125.0,2
1.0,2.0,113.0,3
2.0,6.0,145.0,4
2.0,3.0,229.0,4
1.0,1.0,110.0,2
2.0,3.0,295.0,4
1.0,1.0,103.0,2
1.0,,80.0,2
1.0,1.0,170.0,2
3.0,3.0,529.0,4
1.0,1.0,69.0,3
1.0,1.0,140.0,2
1.0,1.0,130.0,2
1.0,1.0,120.0,2
1.0,1.0,126.0,2
1.0,2.0,60.0,2
1.0,1.0,153.0,2
1.0,1.0,300.0,2
1.0,1.0,175.0,2
1.0,1.0,105.0,2
1.0,1.0,180.0,2
1.0,1.0,68.0,2
1.0,1.0,200.0,2
1.0,1.0,164.0,2
4.0,5.0,486.0,6
2.0,2.0,179.0,4
2.0,2.0,164.0,4
2.0,2.0,135.0,3
2.0,2.0,280.0,4
1.0,1.0,81.0,2
2.0,2.0,210.0,4
6.0,8.0,550.0,4
1.0,1.0,125.0,2
1.0,2.0,150.0,4
1.0,1.0,250.0,2
2.0,2.0,249.0,4
2.0,3.0,200.0,4
1.0,1.0,121.0,2
1.0,1.0,175.0,2
1.0,1.0,89.0,2
1.0,,149.0,2
1.0,1.0,150.0,2
1.0,1.0,50.0,2
1.0,,101.0,4
1.0,,145.0,2
1.0,1.0,160.0,2
1.0,1.0,150.0,2
1.0,4.0,191.0,6
3.0,4.0,325.0,4
2.0,2.0,220.0,3
1.0,1.0,79.0,2
1.0,1.0,250.0,2
3.0,20.0,432.0,16
2.0,3.0,60.0,3
1.0,2.0,95.0,3
1.0,1.0,105.0,2
1.0,1.0,100.0,2
2.0,3.0,179.0,5
1.0,1.0,185.0,2
1.0,1.0,123.0,2
1.0,,249.0,2
3.0,4.0,266.0,4
1.0,1.0,66.0,1
2.0,4.0,171.0,4
2.0,2.0,299.0,4
1.0,1.0,40.0,2
1.0,1.0,220.0,2
1.0,1.0,110.0,2
1.0,2.0,161.0,2
1.0,1.0,134.0,2
1.0,,120.0,2
1.0,1.0,104.0,2
,2.0,89.0,3
2.0,2.0,300.0,4
2.0,2.0,325.0,4
4.0,4.0,180.0,5
1.0,1.0,100.0,2
1.0,,57.0,2
1.0,1.0,65.0,2
1.0,1.0,70.0,4
1.0,1.0,43.0,2
2.0,2.0,185.0,4
1.0,1.0,110.0,2
1.0,1.0,73.0,2
1.0,1.0,105.0,2
2.0,3.0,200.0,4
1.0,,263.0,2
1.0,1.0,113.0,2
2.0,2.0,207.0,6
2.0,3.0,250.0,4
1.0,2.0,179.0,3
1.0,1.0,89.0,2
1.0,1.0,111.0,2
1.0,1.0,100.0,2
1.0,2.0,195.0,3
1.0,1.0,230.0,2
1.0,3.0,199.0,2
2.0,2.0,110.0,4
2.0,2.0,200.0,4
1.0,2.0,220.0,2
1.0,,220.0,2
1.0,1.0,150.0,2
1.0,2.0,160.0,3
3.0,3.0,150.0,4
1.0,1.0,99.0,2
1.0,1.0,111.0,2
1.0,1.0,41.0,1
1.0,1.0,140.0,2
1.0,1.0,170.0,3
2.0,2.0,175.0,4
1.0,2.0,130.0,4
2.0,2.0,200.0,4
4.0,4.0,460.0,6
2.0,2.0,219.0,4
4.0,4.0,695.0,4
1.0,1.0,140.0,2
,2.0,77.0,2
2.0,2.0,249.0,3
2.0,4.0,150.0,4
1.0,4.0,76.0,4
3.0,4.0,400.0,4
1.0,1.0,200.0,2
1.0,1.0,111.0,3
3.0,4.0,345.0,6
1.0,1.0,130.0,2
1.0,1.0,85.0,2
1.0,1.0,79.0,2
1.0,2.0,125.0,4
1.0,1.0,85.0,2
1.0,1.0,84.0,2
2.0,2.0,179.0,4
2.0,4.0,181.0,4
1.0,1.0,120.0,2
2.0,2.0,161.0,4
1.0,1.0,52.0,4
2.0,3.0,190.0,4
1.0,1.0,45.0,1
1.0,2.0,45.0,3
1.0,2.0,90.0,2
1.0,1.0,79.0,2
1.0,1.0,100.0,2
2.0,2.0,190.0,4
2.0,2.0,130.0,4
1.0,1.0,50.0,3
1.0,2.0,96.0,4
1.0,1.0,65.0,2
1.0,1.0,120.0,2
1.0,1.0,125.0,2
1.0,1.0,102.0,2
1.0,1.0,95.0,2
,1.0,83.0,2
1.0,1.0,115.0,2
1.0,1.0,314.0,2
3.0,3.0,199.0,4
3.0,3.0,195.0,4
2.0,3.0,95.0,4
3.0,3.0,449.0,6
1.0,3.0,102.0,4
2.0,2.0,400.0,4
4.0,6.0,745.0,8
3.0,4.0,100.0,5
1.0,1.0,126.0,2
1.0,1.0,195.0,2
1.0,1.0,159.0,3
1.0,1.0,118.0,2
1.0,1.0,65.0,2
2.0,,350.0,4
2.0,3.0,200.0,4
1.0,4.0,80.0,3
1.0,1.0,80.0,2
1.0,1.0,100.0,2
1.0,1.0,120.0,4
1.0,1.0,125.0,2
8.0,18.0,587.0,16
1.0,2.0,65.0,4
1.0,1.0,195.0,2
4.0,2.0,221.0,4
1.0,1.0,125.0,2
3.0,3.0,252.0,4
1.0,1.0,105.0,2
,1.0,135.0,2
2.0,2.0,150.0,4
7.0,14.0,487.0,14
1.0,1.0,144.0,2
2.0,2.0,214.0,4
1.0,1.0,109.0,2
1.0,1.0,100.0,2
1.0,1.0,63.0,2
1.0,1.0,150.0,2
1.0,1.0,86.0,2
1.0,1.0,150.0,2
1.0,1.0,59.0,2
2.0,2.0,247.0,4
2.0,2.0,150.0,3
1.0,1.0,178.0,2
1.0,1.0,116.0,2
2.0,2.0,232.0,4
2.0,1.0,220.0,2
,4.0,330.0,4
2.0,2.0,205.0,4
3.0,3.0,140.0,4
1.0,1.0,160.0,2
3.0,3.0,133.0,4
1.0,1.0,85.0,2
4.0,6.0,225.0,4
5.0,6.0,204.0,4
1.0,1.0,85.0,2
1.0,,85.0,2
1.0,1.0,200.0,2
4.0,5.0,225.0,4
2.0,2.0,195.0,4
1.0,1.0,155.0,2
,1.0,111.0,2
1.0,1.0,175.0,2
1.0,1.0,120.0,2
1.0,1.0,49.0,2
,1.0,191.0,2
4.0,3.0,200.0,4
1.0,2.0,149.0,4
1.0,2.0,195.0,2
1.0,1.0,85.0,1
2.0,3.0,142.0,4
1.0,4.0,145.0,4
,2.0,149.0,4
1.0,1.0,102.0,2
1.0,2.0,144.0,2
2.0,2.0,128.0,4
1.0,,165.0,2
1.0,1.0,149.0,2
1.0,1.0,110.0,2
3.0,6.0,400.0,6
1.0,1.0,100.0,2
1.0,1.0,79.0,2
3.0,3.0,350.0,4
1.0,1.0,248.0,2
1.0,2.0,157.0,4
1.0,,172.0,4
1.0,1.0,79.0,2
1.0,1.0,75.0,2
4.0,4.0,448.0,6
1.0,1.0,150.0,2
2.0,2.0,207.0,4
1.0,1.0,80.0,2
1.0,1.0,95.0,2
1.0,1.0,149.0,1
,1.0,76.0,2
1.0,2.0,166.0,4
1.0,1.0,80.0,2
1.0,1.0,127.0,2
1.0,1.0,76.0,2
1.0,1.0,220.0,2
2.0,2.0,400.0,4
1.0,1.0,55.0,2
4.0,4.0,330.0,4
,1.0,125.0,2
2.0,4.0,196.0,4
1.0,1.0,148.0,2
2.0,3.0,210.0,4
1.0,2.0,120.0,2
4.0,6.0,245.0,4
1.0,1.0,122.0,2
2.0,1.0,95.0,2
1.0,1.0,140.0,2
1.0,1.0,168.0,2
1.0,1.0,178.0,2
1.0,1.0,200.0,2
4.0,6.0,150.0,8
2.0,3.0,280.0,4
1.0,2.0,90.0,2
,1.0,99.0,2
3.0,3.0,179.0,3
2.0,2.0,175.0,4
1.0,1.0,143.0,2
4.0,5.0,257.0,4
1.0,2.0,55.0,2
4.0,4.0,299.0,4
1.0,1.0,100.0,2
1.0,2.0,85.0,4
2.0,2.0,453.0,4
1.0,1.0,45.0,1
1.0,1.0,240.0,2
1.0,1.0,99.0,2
1.0,1.0,101.0,2
1.0,1.0,74.0,2
1.0,1.0,80.0,2
1.0,1.0,135.0,2
1.0,2.0,122.0,2
2.0,3.0,150.0,4
1.0,2.0,150.0,4
2.0,2.0,275.0,4
1.0,1.0,250.0,2
1.0,1.0,90.0,2
3.0,6.0,320.0,6
1.0,2.0,85.0,4
1.0,1.0,115.0,4
,1.0,98.0,2
1.0,1.0,130.0,2
2.0,3.0,250.0,4
2.0,3.0,325.0,4
2.0,4.0,50.0,4
1.0,2.0,175.0,2
4.0,6.0,195.0,4
1.0,1.0,79.0,2
3.0,3.0,100.0,4
1.0,1.0,135.0,2
1.0,1.0,249.0,2
1.0,1.0,73.0,2
1.0,1.0,130.0,2
1.0,2.0,51.0,2
3.0,3.0,213.0,4
1.0,1.0,120.0,2
,1.0,90.0,4
1.0,1.0,200.0,2
4.0,5.0,225.0,6
1.0,1.0,123.0,2
1.0,1.0,149.0,2
1.0,,109.0,2
2.0,4.0,170.0,4
2.0,2.0,295.0,4
1.0,4.0,57.0,4
1.0,1.0,175.0,2
1.0,1.0,128.0,2
1.0,1.0,131.0,2
2.0,4.0,350.0,4
3.0,3.0,350.0,5
1.0,1.0,133.0,2
1.0,2.0,193.0,2
2.0,2.0,350.0,4
1.0,1.0,79.0,3
1.0,2.0,150.0,4
1.0,1.0,80.0,2
2.0,,189.0,3
1.0,1.0,95.0,2
1.0,1.0,250.0,2
1.0,1.0,250.0,2
1.0,1.0,104.0,2
1.0,1.0,139.0,2
1.0,1.0,70.0,2
1.0,1.0,150.0,2
1.0,2.0,150.0,3
1.0,1.0,155.0,2
2.0,2.0,95.0,2
2.0,2.0,225.0,2
3.0,4.0,214.0,4
1.0,1.0,159.0,2
1.0,1.0,150.0,3
4.0,4.0,250.0,4
1.0,1.0,58.0,1
2.0,,55.0,4
1.0,,149.0,2
1.0,1.0,189.0,4
,,85.0,2
2.0,2.0,226.0,4
1.0,1.0,149.0,2
,1.0,90.0,2
,1.0,69.0,2
1.0,1.0,75.0,2
1.0,2.0,83.0,2
1.0,1.0,120.0,2
4.0,6.0,450.0,4
1.0,2.0,75.0,2
1.0,1.0,93.0,2
2.0,2.0,210.0,4
1.0,1.0,145.0,2
1.0,1.0,90.0,2
1.0,1.0,145.0,2
1.0,1.0,110.0,2
4.0,4.0,120.0,5
1.0,1.0,61.0,2
1.0,,59.0,2
3.0,3.0,128.0,4
2.0,2.0,210.0,3
1.0,1.0,236.0,2
2.0,4.0,125.0,4
1.0,1.0,129.0,2
1.0,1.0,100.0,2
1.0,2.0,104.0,2
3.0,3.0,210.0,4
1.0,4.0,209.0,4
1.0,3.0,153.0,3
1.0,1.0,73.0,1
1.0,,150.0,2
2.0,4.0,255.0,4
1.0,1.0,175.0,2
2.0,1.0,105.0,2
3.0,3.0,110.0,4
1.0,1.0,70.0,2
,1.0,100.0,2
1.0,2.0,80.0,2
3.0,3.0,195.0,4
1.0,1.0,60.0,2
1.0,,180.0,2
2.0,1.0,120.0,3
1.0,1.0,75.0,2
2.0,2.0,300.0,4
1.0,1.0,199.0,2
1.0,,110.0,2
1.0,2.0,125.0,2
1.0,2.0,104.0,2
1.0,3.0,153.0,3
1.0,1.0,139.0,2
5.0,17.0,291.0,16
2.0,5.0,170.0,8
1.0,1.0,140.0,2
2.0,5.0,176.0,7
2.0,5.0,205.0,7
2.0,6.0,186.0,7
1.0,1.0,110.0,2
1.0,1.0,175.0,2
1.0,1.0,98.0,2
1.0,2.0,115.0,4
3.0,3.0,210.0,4
,1.0,45.0,2
1.0,1.0,75.0,2
1.0,1.0,195.0,2
1.0,1.0,100.0,2
1.0,,110.0,3
3.0,5.0,130.0,4
3.0,4.0,250.0,4
1.0,1.0,140.0,2
2.0,2.0,180.0,4
1.0,1.0,103.0,2
2.0,2.0,325.0,4
2.0,2.0,400.0,4
1.0,2.0,113.0,4
1.0,1.0,136.0,2
1.0,2.0,117.0,2
1.0,2.0,104.0,2
1.0,1.0,50.0,2
1.0,1.0,80.0,1
1.0,1.0,150.0,2
1.0,1.0,73.0,1
1.0,1.0,139.0,3
1.0,1.0,79.0,2
1.0,1.0,120.0,2
1.0,2.0,125.0,2
1.0,1.0,169.0,2
1.0,1.0,75.0,2
1.0,1.0,90.0,2
1.0,1.0,314.0,2
2.0,2.0,200.0,4
2.0,2.0,320.0,3
1.0,1.0,150.0,2
3.0,3.0,189.0,4
1.0,1.0,70.0,2
1.0,2.0,70.0,2
1.0,1.0,44.0,1
1.0,1.0,50.0,2
3.0,3.0,140.0,4
1.0,1.0,62.0,2
1.0,1.0,100.0,2
2.0,4.0,246.0,4
1.0,1.0,119.0,2
1.0,2.0,153.0,2
1.0,2.0,114.0,2
4.0,4.0,150.0,4
1.0,1.0,70.0,2
3.0,5.0,225.0,4
2.0,2.0,229.0,4
3.0,3.0,150.0,5
1.0,2.0,190.0,3
1.0,2.0,95.0,2
1.0,1.0,90.0,2
1.0,1.0,50.0,2
2.0,4.0,175.0,4
1.0,1.0,104.0,2
3.0,3.0,175.0,4
1.0,1.0,106.0,2
4.0,4.0,195.0,4
1.0,1.0,79.0,2
1.0,1.0,109.0,2
1.0,1.0,167.0,2
3.0,4.0,230.0,4
1.0,1.0,59.0,2
2.0,4.0,250.0,4
1.0,1.0,262.0,4
2.0,2.0,210.0,4
4.0,4.0,400.0,4
2.0,3.0,55.0,2
2.0,2.0,148.0,4
2.0,2.0,135.0,4
1.0,3.0,89.0,4
2.0,2.0,229.0,4
5.0,6.0,250.0,4
1.0,1.0,80.0,2
2.0,2.0,76.0,3
1.0,1.0,95.0,2
1.0,1.0,150.0,2
4.0,,120.0,5
2.0,3.0,250.0,4
1.0,,135.0,2
2.0,2.0,335.0,4
1.0,1.0,101.0,2
1.0,1.0,120.0,2
2.0,2.0,190.0,3
2.0,2.0,129.0,2
1.0,1.0,47.0,1
1.0,1.0,95.0,2
2.0,3.0,350.0,4
1.0,1.0,98.0,2
3.0,3.0,175.0,4
3.0,4.0,200.0,4
3.0,,175.0,3
3.0,3.0,156.0,4
2.0,2.0,95.0,4
1.0,1.0,250.0,2
3.0,3.0,269.0,4
1.0,1.0,275.0,2
3.0,,275.0,5
1.0,1.0,89.0,1
1.0,1.0,26.0,2
1.0,2.0,149.0,4
1.0,2.0,140.0,3
1.0,1.0,99.0,2
2.0,3.0,362.0,4
,1.0,75.0,2
3.0,3.0,110.0,4
1.0,2.0,169.0,2
1.0,1.0,208.0,2
2.0,2.0,85.0,2
1.0,1.0,150.0,2
1.0,3.0,149.0,3
3.0,4.0,199.0,4
2.0,2.0,133.0,4
1.0,1.0,120.0,2
1.0,1.0,85.0,2
1.0,,145.0,2
1.0,1.0,167.0,4
2.0,2.0,130.0,2
3.0,4.0,400.0,6
1.0,1.0,60.0,2
2.0,2.0,186.0,4
2.0,4.0,150.0,4
3.0,3.0,95.0,4
2.0,3.0,132.0,4
2.0,2.0,276.0,4
2.0,3.0,225.0,4
1.0,1.0,105.0,2
2.0,4.0,200.0,4
1.0,1.0,75.0,2
1.0,1.0,142.0,2
1.0,2.0,130.0,3
1.0,1.0,50.0,2
1.0,1.0,42.0,2
3.0,3.0,180.0,4
1.0,1.0,131.0,2
1.0,1.0,125.0,2
1.0,1.0,110.0,2
1.0,2.0,240.0,4
3.0,4.0,425.0,4
2.0,3.0,48.0,4
1.0,1.0,75.0,2
2.0,2.0,194.0,2
3.0,3.0,139.0,4
1.0,1.0,171.0,2
1.0,2.0,95.0,2
1.0,1.0,100.0,2
1.0,1.0,106.0,2
3.0,4.0,450.0,6
2.0,2.0,140.0,2
1.0,2.0,160.0,4
4.0,6.0,237.0,4
1.0,1.0,125.0,2
2.0,3.0,175.0,4
2.0,3.0,147.0,4
1.0,,55.0,2
2.0,2.0,194.0,4
1.0,2.0,80.0,2
5.0,6.0,700.0,8
2.0,3.0,195.0,4
2.0,2.0,199.0,4
2.0,2.0,198.0,4
1.0,1.0,102.0,2
1.0,1.0,131.0,2
1.0,1.0,85.0,2
3.0,4.0,299.0,6
1.0,1.0,140.0,2
4.0,12.0,377.0,12
1.0,2.0,100.0,2
1.0,2.0,125.0,2
1.0,1.0,130.0,2
1.0,1.0,55.0,2
1.0,1.0,108.0,2
1.0,,135.0,2
1.0,4.0,160.0,4
1.0,2.0,166.0,4
1.0,1.0,79.0,2
1.0,1.0,86.0,2
2.0,2.0,200.0,4
1.0,1.0,91.0,2
2.0,2.0,350.0,4
2.0,2.0,442.0,4
1.0,2.0,75.0,4
2.0,3.0,150.0,4
3.0,5.0,125.0,4
1.0,2.0,200.0,3
1.0,1.0,100.0,2
1.0,2.0,114.0,2
1.0,1.0,86.0,2
1.0,1.0,105.0,2
1.0,1.0,139.0,2
2.0,2.0,227.0,4
2.0,4.0,122.0,4
1.0,1.0,35.0,2
2.0,3.0,290.0,4
1.0,1.0,150.0,2
2.0,2.0,190.0,4
1.0,2.0,120.0,2
1.0,2.0,93.0,3
1.0,,250.0,2
1.0,1.0,80.0,2
1.0,1.0,120.0,2
1.0,1.0,130.0,2
3.0,3.0,245.0,4
1.0,1.0,75.0,2
1.0,1.0,150.0,2
2.0,2.0,320.0,4
1.0,1.0,149.0,2
4.0,5.0,1160.0,4
2.0,3.0,135.0,3
,1.0,67.0,2
3.0,3.0,292.0,4
2.0,3.0,170.0,4
1.0,2.0,206.0,4
1.0,2.0,179.0,2
1.0,,85.0,2
1.0,1.0,142.0,2
1.0,1.0,115.0,2
1.0,1.0,80.0,2
2.0,2.0,221.0,3
1.0,1.0,85.0,2
1.0,1.0,55.0,1
2.0,2.0,260.0,4
2.0,3.0,155.0,4
2.0,2.0,185.0,4
1.0,2.0,125.0,3
2.0,2.0,319.0,3
1.0,1.0,130.0,2
1.0,1.0,99.0,2
1.0,1.0,115.0,2
,5.0,175.0,5
1.0,1.0,85.0,2
4.0,3.0,300.0,4
1.0,1.0,100.0,2
1.0,2.0,115.0,2
4.0,4.0,156.0,4
4.0,4.0,260.0,4
1.0,1.0,153.0,2
1.0,1.0,130.0,2
1.0,1.0,250.0,2
2.0,2.0,291.0,5
1.0,1.0,146.0,2
1.0,1.0,71.0,2
1.0,,110.0,2
1.0,1.0,110.0,2
2.0,2.0,450.0,3
1.0,1.0,62.0,2
1.0,,38.0,2
1.0,1.0,140.0,2
1.0,1.0,162.0,2
1.0,1.0,199.0,2
3.0,4.0,256.0,4
3.0,2.0,139.0,4
2.0,2.0,85.0,4
3.0,3.0,201.0,4
1.0,1.0,76.0,2
3.0,3.0,94.0,4
1.0,,96.0,2
1.0,1.0,125.0,2
1.0,2.0,150.0,4
1.0,1.0,100.0,2
1.0,2.0,93.0,2
1.0,1.0,129.0,2
1.0,1.0,89.0,2
1.0,,84.0,2
1.0,2.0,118.0,3
3.0,3.0,275.0,4
2.0,3.0,449.0,4
1.0,1.0,88.0,2
1.0,1.0,104.0,2
1.0,1.0,89.0,2
,1.0,76.0,2
1.0,1.0,96.0,2
2.0,2.0,200.0,4
4.0,7.0,314.0,6
1.0,1.0,100.0,2
1.0,1.0,117.0,2
1.0,1.0,99.0,2
1.0,1.0,210.0,2
1.0,1.0,139.0,2
1.0,2.0,72.0,2
,1.0,87.0,2
1.0,1.0,103.0,2
3.0,4.0,214.0,4
2.0,3.0,270.0,6
2.0,2.0,189.0,4
1.0,1.0,270.0,2
1.0,1.0,80.0,2
2.0,2.0,189.0,4
2.0,2.0,230.0,4
2.0,2.0,116.0,4
3.0,3.0,650.0,4
2.0,2.0,110.0,4
1.0,2.0,124.0,4
2.0,2.0,170.0,4
1.0,1.0,100.0,2
1.0,1.0,71.0,2
3.0,3.0,1190.0,4
2.0,2.0,225.0,4
1.0,1.0,175.0,2
1.0,2.0,148.0,2
3.0,5.0,349.0,6
1.0,1.0,91.0,2
3.0,3.0,150.0,4
1.0,2.0,130.0,2
1.0,1.0,101.0,2
1.0,1.0,115.0,2
2.0,2.0,250.0,4
2.0,2.0,130.0,4
1.0,1.0,95.0,2
2.0,2.0,179.0,4
1.0,2.0,101.0,3
1.0,1.0,93.0,2
4.0,4.0,335.0,4
1.0,1.0,65.0,2
1.0,1.0,45.0,1
1.0,1.0,120.0,2
2.0,4.0,110.0,4
1.0,1.0,100.0,2
1.0,2.0,500.0,4
,1.0,74.0,2
1.0,1.0,185.0,2
3.0,4.0,186.0,4
1.0,3.0,180.0,3
1.0,1.0,90.0,2
2.0,2.0,135.0,3
1.0,2.0,243.0,2
4.0,4.0,240.0,4
3.0,3.0,331.0,4
1.0,1.0,115.0,2
1.0,2.0,359.0,4
1.0,1.0,112.0,2
1.0,1.0,150.0,2
1.0,1.0,133.0,2
1.0,1.0,135.0,2
1.0,2.0,100.0,2
2.0,2.0,129.0,2
1.0,1.0,41.0,1
1.0,1.0,60.0,2
2.0,3.0,225.0,3
,1.0,115.0,2
2.0,2.0,110.0,3
,1.0,80.0,2
1.0,1.0,85.0,2
1.0,3.0,109.0,4
2.0,2.0,264.0,4
1.0,1.0,110.0,2
1.0,2.0,86.0,3
1.0,1.0,95.0,2
1.0,12.0,388.0,12
1.0,1.0,130.0,2
1.0,2.0,60.0,3
1.0,1.0,125.0,2
1.0,1.0,85.0,2
1.0,1.0,121.0,2
1.0,1.0,174.0,2
1.0,1.0,80.0,2
1.0,2.0,74.0,2
2.0,2.0,498.0,4
2.0,2.0,275.0,4
1.0,1.0,157.0,2
1.0,1.0,180.0,2
1.0,1.0,54.0,1
1.0,1.0,112.0,2
,1.0,85.0,2
,1.0,99.0,2
1.0,1.0,165.0,2
1.0,2.0,180.0,4
1.0,1.0,111.0,2
1.0,,250.0,2
2.0,2.0,350.0,4
2.0,2.0,180.0,4
1.0,1.0,68.0,2
1.0,1.0,106.0,2
1.0,1.0,44.0,2
3.0,2.0,139.0,4
1.0,1.0,250.0,2
1.0,1.0,196.0,3
1.0,2.0,200.0,4
1.0,1.0,300.0,2
1.0,1.0,119.0,2
1.0,2.0,111.0,3
2.0,3.0,150.0,4
1.0,1.0,60.0,2
2.0,2.0,250.0,4
1.0,1.0,170.0,2
2.0,4.0,128.0,4
2.0,2.0,150.0,4
2.0,1.0,250.0,2
3.0,5.0,315.0,3
3.0,3.0,300.0,3
1.0,2.0,61.0,3
3.0,4.0,255.0,5
1.0,1.0,100.0,3
2.0,2.0,182.0,4
1.0,2.0,164.0,4
2.0,1.0,150.0,4
1.0,2.0,74.0,2
1.0,2.0,129.0,2
1.0,2.0,69.0,2
1.0,2.0,74.0,2
1.0,2.0,74.0,2
1.0,2.0,74.0,2
1.0,2.0,74.0,2
1.0,2.0,74.0,2
2.0,2.0,95.0,4
2.0,3.0,235.0,4
1.0,1.0,85.0,2
1.0,2.0,69.0,4
1.0,1.0,152.0,4
1.0,2.0,75.0,2
1.0,1.0,95.0,2
1.0,1.0,93.0,2
1.0,2.0,175.0,4
1.0,1.0,125.0,2
1.0,1.0,149.0,2
2.0,2.0,90.0,3
2.0,2.0,72.0,4
,1.0,61.0,2
,1.0,61.0,2
1.0,1.0,136.0,2
1.0,3.0,180.0,3
1.0,1.0,149.0,2
1.0,2.0,96.0,2
1.0,4.0,188.0,4
,1.0,65.0,2
,1.0,114.0,2
1.0,2.0,194.0,3
1.0,1.0,94.0,2
1.0,1.0,90.0,2
1.0,2.0,171.0,4
3.0,4.0,210.0,5
2.0,2.0,190.0,4
3.0,4.0,260.0,4
2.0,2.0,209.0,4
1.0,1.0,150.0,2
1.0,4.0,95.0,4
2.0,2.0,175.0,4
1.0,1.0,250.0,2
3.0,4.0,234.0,4
1.0,1.0,90.0,2
1.0,3.0,229.0,4
1.0,1.0,110.0,2
1.0,2.0,90.0,2
1.0,1.0,120.0,2
2.0,13.0,360.0,12
1.0,1.0,122.0,2
1.0,1.0,83.0,2
,1.0,149.0,2
1.0,1.0,45.0,2
1.0,1.0,100.0,2
1.0,1.0,129.0,2
1.0,1.0,80.0,2
4.0,3.0,100.0,4
1.0,1.0,75.0,2
1.0,1.0,136.0,2
1.0,,130.0,2
1.0,1.0,39.0,1
1.0,2.0,64.0,3
1.0,1.0,102.0,2
2.0,6.0,103.0,6
2.0,2.0,185.0,3
2.0,2.0,166.0,4
2.0,2.0,190.0,4
1.0,1.0,85.0,2
1.0,2.0,281.0,4
1.0,,185.0,2
3.0,4.0,300.0,5
1.0,2.0,179.0,4
1.0,1.0,95.0,2
1.0,1.0,139.0,2
2.0,2.0,163.0,3
1.0,1.0,275.0,2
2.0,2.0,225.0,4
2.0,1.0,160.0,2
1.0,2.0,103.0,2
1.0,1.0,159.0,2
4.0,4.0,100.0,6
2.0,3.0,170.0,4
1.0,1.0,79.0,2
3.0,4.0,134.0,6
1.0,1.0,128.0,2
2.0,2.0,277.0,4
3.0,5.0,250.0,5
1.0,1.0,99.0,2
2.0,4.0,261.0,4
2.0,2.0,140.0,4
2.0,2.0,200.0,4
1.0,1.0,200.0,2
,1.0,130.0,2
1.0,1.0,110.0,2
2.0,2.0,153.0,3
2.0,3.0,170.0,4
1.0,1.0,130.0,2
1.0,2.0,59.0,3
1.0,1.0,165.0,2
1.0,1.0,110.0,2
1.0,2.0,203.0,4
1.0,2.0,127.0,2
1.0,1.0,124.0,2
1.0,1.0,100.0,2
1.0,1.0,110.0,2
,2.0,75.0,2
3.0,2.0,249.0,4
1.0,1.0,95.0,2
3.0,3.0,615.0,4
1.0,2.0,151.0,2
3.0,1.0,120.0,4
1.0,3.0,85.0,3
1.0,3.0,86.0,3
1.0,1.0,130.0,2
2.0,2.0,210.0,2
2.0,2.0,275.0,4
,2.0,125.0,2
3.0,2.0,100.0,4
2.0,8.0,79.0,4
1.0,1.0,110.0,2
1.0,1.0,115.0,2
1.0,2.0,150.0,4
3.0,3.0,125.0,4
1.0,1.0,165.0,1
1.0,1.0,999.0,2
,1.0,185.0,3
1.0,1.0,250.0,2
2.0,4.0,224.0,4
,1.0,169.0,2
2.0,2.0,300.0,4
1.0,1.0,68.0,2
1.0,1.0,104.0,2
3.0,3.0,170.0,4
1.0,1.0,50.0,2
1.0,1.0,130.0,2
1.0,1.0,76.0,2
1.0,,80.0,2
1.0,1.0,79.0,2
1.0,1.0,110.0,2
1.0,1.0,150.0,2
,2.0,66.0,3
2.0,2.0,250.0,4
1.0,1.0,289.0,2
1.0,1.0,144.0,2
1.0,1.0,133.0,4
2.0,2.0,350.0,4
,1.0,190.0,2
1.0,1.0,185.0,2
3.0,4.0,300.0,4
,1.0,50.0,2
1.0,1.0,147.0,2
1.0,1.0,85.0,2
1.0,1.0,175.0,2
3.0,5.0,225.0,4
2.0,4.0,137.0,4
1.0,3.0,175.0,4
1.0,1.0,100.0,2
2.0,2.0,125.0,3
2.0,2.0,140.0,4
1.0,1.0,205.0,2
1.0,2.0,79.0,1
2.0,3.0,300.0,4
1.0,2.0,45.0,3
1.0,2.0,110.0,3
2.0,2.0,300.0,4
1.0,1.0,45.0,2
1.0,1.0,249.0,2
1.0,2.0,166.0,2
1.0,2.0,73.0,3
1.0,1.0,47.0,2
2.0,2.0,150.0,4
1.0,1.0,99.0,2
1.0,1.0,125.0,2
2.0,3.0,240.0,4
,1.0,89.0,4
2.0,2.0,600.0,4
4.0,5.0,275.0,4
2.0,2.0,230.0,4
2.0,2.0,288.0,4
2.0,2.0,215.0,2
,1.0,93.0,2
1.0,1.0,95.0,2
1.0,2.0,250.0,2
1.0,1.0,48.0,4
1.0,1.0,109.0,2
1.0,1.0,59.0,1
1.0,1.0,45.0,2
1.0,2.0,131.0,3
1.0,1.0,85.0,2
2.0,,150.0,4
1.0,1.0,75.0,2
2.0,2.0,175.0,4
1.0,1.0,125.0,2
1.0,1.0,129.0,2
1.0,1.0,84.0,1
1.0,1.0,96.0,2
3.0,3.0,245.0,4
2.0,2.0,100.0,4
2.0,3.0,134.0,3
1.0,2.0,58.0,2
2.0,2.0,70.0,2
,2.0,103.0,4
4.0,5.0,220.0,6
2.0,3.0,174.0,4
1.0,1.0,72.0,2
1.0,1.0,186.0,4
,1.0,85.0,2
2.0,2.0,150.0,4
3.0,3.0,307.0,4
1.0,1.0,159.0,2
1.0,12.0,369.0,12
2.0,4.0,215.0,4
1.0,2.0,150.0,4
1.0,1.0,175.0,2
2.0,3.0,260.0,4
1.0,1.0,85.0,2
2.0,3.0,140.0,4
1.0,1.0,120.0,2
1.0,1.0,159.0,2
,2.0,90.0,4
1.0,1.0,60.0,2
1.0,1.0,100.0,2
1.0,1.0,110.0,2
2.0,4.0,115.0,4
1.0,1.0,170.0,2
1.0,1.0,150.0,2
2.0,2.0,139.0,4
3.0,3.0,120.0,6
2.0,3.0,180.0,4
4.0,14.0,300.0,14
2.0,2.0,336.0,4
1.0,1.0,119.0,2
2.0,4.0,145.0,4
2.0,2.0,115.0,4
1.0,,83.0,4
1.0,1.0,190.0,2
1.0,1.0,195.0,2
2.0,3.0,181.0,4
1.0,1.0,275.0,2
3.0,4.0,300.0,6
1.0,1.0,160.0,3
1.0,1.0,65.0,2
2.0,2.0,180.0,4
4.0,5.0,280.0,4
2.0,2.0,229.0,4
2.0,4.0,157.0,4
1.0,1.0,99.0,2
4.0,4.0,225.0,4
1.0,1.0,99.0,1
1.0,1.0,145.0,2
3.0,3.0,135.0,4
3.0,2.0,180.0,3
1.0,1.0,96.0,2
1.0,1.0,130.0,2
1.0,1.0,178.0,2
1.0,1.0,120.0,2
3.0,4.0,139.0,3
2.0,2.0,220.0,4
1.0,1.0,140.0,2
,2.0,149.0,3
1.0,1.0,125.0,2
2.0,3.0,85.0,4
1.0,1.0,149.0,4
1.0,1.0,78.0,2
1.0,1.0,150.0,2
,2.0,78.0,3
2.0,2.0,134.0,3
2.0,2.0,557.0,4
2.0,4.0,200.0,4
1.0,1.0,49.0,1
1.0,1.0,150.0,4
2.0,2.0,209.0,4
1.0,1.0,135.0,2
1.0,4.0,150.0,4
1.0,2.0,104.0,3
1.0,,158.0,4
1.0,1.0,130.0,2
2.0,2.0,325.0,3
1.0,1.0,130.0,2
2.0,2.0,207.0,4
2.0,2.0,130.0,2
1.0,2.0,98.0,2
,3.0,150.0,4
,1.0,79.0,2
1.0,2.0,89.0,2
1.0,1.0,158.0,2
3.0,2.0,250.0,4
2.0,2.0,275.0,2
1.0,1.0,123.0,3
2.0,2.0,150.0,4
1.0,1.0,60.0,2
1.0,1.0,95.0,2
1.0,2.0,120.0,2
4.0,4.0,150.0,4
4.0,4.0,184.0,4
2.0,3.0,180.0,4
3.0,3.0,150.0,4
1.0,2.0,124.0,2
1.0,1.0,100.0,2
1.0,2.0,185.0,4
1.0,1.0,169.0,4
1.0,,65.0,2
2.0,5.0,214.0,4
1.0,1.0,119.0,2
1.0,1.0,85.0,2
2.0,1.0,121.0,4
1.0,1.0,150.0,2
3.0,3.0,211.0,4
3.0,3.0,180.0,4
1.0,1.0,140.0,2
1.0,1.0,79.0,2
3.0,4.0,330.0,4
3.0,3.0,129.0,4
,1.0,49.0,2
3.0,3.0,149.0,4
2.0,2.0,190.0,4
1.0,2.0,88.0,2
1.0,2.0,91.0,2
,1.0,59.0,2
,1.0,84.0,3
3.0,2.0,229.0,4
2.0,2.0,140.0,4
,1.0,124.0,2
2.0,2.0,160.0,4
2.0,3.0,100.0,3
1.0,1.0,106.0,2
,2.0,150.0,2
1.0,1.0,100.0,2
2.0,3.0,245.0,4
,1.0,84.0,2
2.0,4.0,210.0,4
1.0,2.0,52.0,2
2.0,3.0,305.0,4
3.0,4.0,187.0,5
1.0,1.0,140.0,2
2.0,2.0,140.0,4
4.0,5.0,290.0,5
3.0,3.0,175.0,6
1.0,1.0,109.0,2
1.0,1.0,107.0,2
2.0,4.0,300.0,4
3.0,3.0,227.0,4
1.0,1.0,120.0,3
1.0,1.0,106.0,2
1.0,1.0,181.0,2
,1.0,149.0,2
1.0,1.0,150.0,2
1.0,2.0,146.0,4
1.0,1.0,58.0,1
1.0,1.0,99.0,2
2.0,2.0,425.0,4
2.0,3.0,200.0,5
1.0,1.0,129.0,2
1.0,1.0,102.0,2
1.0,2.0,123.0,4
2.0,2.0,199.0,4
2.0,3.0,220.0,3
1.0,1.0,48.0,1
3.0,4.0,350.0,4
1.0,1.0,72.0,2
2.0,2.0,440.0,4
1.0,1.0,280.0,2
,1.0,70.0,2
3.0,6.0,146.0,7
1.0,2.0,191.0,3
1.0,1.0,180.0,2
1.0,1.0,175.0,3
1.0,1.0,140.0,2
1.0,,115.0,2
1.0,1.0,198.0,2
3.0,3.0,90.0,4
1.0,1.0,200.0,2
1.0,1.0,195.0,2
1.0,2.0,91.0,2
3.0,3.0,200.0,4
3.0,3.0,180.0,4
2.0,3.0,160.0,3
1.0,1.0,120.0,2
2.0,2.0,150.0,4
2.0,2.0,235.0,4
3.0,3.0,289.0,4
1.0,1.0,110.0,2
,4.0,138.0,4
3.0,4.0,155.0,4
1.0,2.0,133.0,2
1.0,1.0,113.0,2
2.0,2.0,250.0,4
,1.0,195.0,2
3.0,2.0,300.0,4
1.0,2.0,70.0,3
3.0,4.0,345.0,4
1.0,1.0,150.0,2
1.0,1.0,150.0,2
1.0,1.0,145.0,2
3.0,5.0,590.0,7
1.0,1.0,180.0,2
3.0,5.0,108.0,4
2.0,3.0,134.0,4
2.0,4.0,170.0,3
3.0,3.0,155.0,4
1.0,1.0,47.0,1
1.0,1.0,146.0,2
1.0,1.0,150.0,2
2.0,2.0,77.0,4
3.0,6.0,289.0,4
1.0,1.0,146.0,2
1.0,1.0,135.0,2
2.0,2.0,95.0,3
1.0,1.0,120.0,2
2.0,3.0,240.0,4
2.0,2.0,220.0,4
2.0,2.0,174.0,4
1.0,1.0,185.0,2
3.0,3.0,195.0,4
2.0,2.0,92.0,4
1.0,1.0,125.0,2
2.0,2.0,240.0,3
2.0,2.0,101.0,4
1.0,1.0,129.0,2
1.0,1.0,75.0,2
,1.0,175.0,2
1.0,1.0,175.0,2
3.0,3.0,240.0,4
3.0,4.0,629.0,4
4.0,4.0,314.0,4
1.0,3.0,96.0,4
1.0,,120.0,3
2.0,3.0,105.0,4
2.0,3.0,1818.0,4
1.0,1.0,114.0,2
3.0,3.0,130.0,4
3.0,4.0,175.0,4
,1.0,183.0,2
,1.0,213.0,2
2.0,3.0,150.0,2
2.0,2.0,175.0,4
,2.0,155.0,4
1.0,1.0,153.0,2
2.0,1.0,200.0,3
3.0,1.0,170.0,4
2.0,2.0,129.0,4
1.0,1.0,95.0,2
1.0,1.0,115.0,2
4.0,4.0,198.0,4
2.0,2.0,298.0,4
2.0,4.0,124.0,4
1.0,1.0,100.0,2
2.0,2.0,179.0,4
2.0,2.0,180.0,4
1.0,1.0,150.0,2
2.0,4.0,156.0,4
1.0,1.0,125.0,2
1.0,1.0,99.0,2
1.0,1.0,139.0,2
2.0,2.0,220.0,4
2.0,2.0,160.0,4
1.0,1.0,185.0,2
1.0,1.0,107.0,2
1.0,2.0,125.0,2
1.0,2.0,122.0,2
1.0,1.0,140.0,2
2.0,2.0,349.0,4
1.0,1.0,190.0,2
1.0,1.0,87.0,2
1.0,1.0,119.0,2
2.0,3.0,136.0,4
1.0,1.0,45.0,2
1.0,1.0,95.0,2
1.0,1.0,70.0,2
1.0,1.0,73.0,2
1.0,1.0,200.0,3
1.0,1.0,85.0,2
2.0,2.0,500.0,3
1.0,1.0,83.0,2
1.0,1.0,120.0,2
5.0,5.0,240.0,4
3.0,6.0,151.0,7
1.0,1.0,112.0,2
1.0,1.0,90.0,2
,1.0,79.0,2
1.0,2.0,150.0,2
1.0,1.0,65.0,1
1.0,1.0,99.0,2
3.0,6.0,145.0,7
1.0,1.0,159.0,2
1.0,3.0,95.0,2
2.0,1.0,132.0,3
2.0,2.0,120.0,4
3.0,3.0,350.0,4
1.0,1.0,250.0,2
1.0,2.0,178.0,4
1.0,1.0,28.0,2
1.0,1.0,150.0,2
2.0,2.0,495.0,4
1.0,1.0,100.0,2
1.0,1.0,150.0,2
1.0,2.0,72.0,3
1.0,1.0,150.0,2
2.0,3.0,250.0,4
1.0,1.0,175.0,2
3.0,5.0,145.0,6
2.0,2.0,85.0,3
1.0,2.0,250.0,1
1.0,2.0,82.0,3
1.0,1.0,74.0,2
1.0,1.0,66.0,2
1.0,2.0,59.0,2
3.0,4.0,214.0,4
1.0,2.0,204.0,2
3.0,4.0,325.0,4
1.0,1.0,103.0,2
10.0,20.0,797.0,16
1.0,2.0,103.0,3
1.0,1.0,160.0,2
1.0,1.0,345.0,2
1.0,1.0,73.0,1
1.0,1.0,119.0,2
1.0,2.0,110.0,3
2.0,4.0,149.0,4
2.0,3.0,149.0,4
2.0,2.0,160.0,4
1.0,1.0,228.0,2
1.0,1.0,155.0,2
4.0,10.0,325.0,8
2.0,1.0,215.0,2
3.0,5.0,145.0,6
8.0,18.0,587.0,16
3.0,3.0,382.0,4
2.0,2.0,165.0,4
1.0,1.0,117.0,2
1.0,1.0,80.0,2
1.0,1.0,160.0,2
1.0,1.0,83.0,2
1.0,1.0,150.0,2
1.0,1.0,125.0,2
2.0,,333.0,4
1.0,2.0,30.0,2
3.0,4.0,199.0,4
,1.0,120.0,2
2.0,2.0,232.0,4
2.0,3.0,188.0,4
,2.0,95.0,4
2.0,2.0,191.0,4
1.0,1.0,160.0,2
1.0,1.0,79.0,2
3.0,3.0,463.0,6
1.0,1.0,100.0,2
3.0,4.0,190.0,4
2.0,1.0,125.0,4
2.0,3.0,180.0,4
1.0,1.0,145.0,2
1.0,1.0,65.0,2
2.0,3.0,150.0,4
4.0,5.0,200.0,4
1.0,2.0,65.0,2
2.0,2.0,206.0,4
,1.0,88.0,2
1.0,1.0,160.0,2
3.0,3.0,225.0,4
2.0,2.0,587.0,4
1.0,1.0,150.0,2
1.0,1.0,145.0,2
1.0,2.0,94.0,2
3.0,,160.0,4
2.0,2.0,250.0,4
3.0,3.0,60.0,5
2.0,2.0,250.0,4
3.0,7.0,636.0,6
1.0,,160.0,2
2.0,2.0,152.0,4
4.0,6.0,699.0,4
1.0,2.0,78.0,2
1.0,1.0,32.0,1
3.0,5.0,251.0,5
1.0,1.0,175.0,2
2.0,2.0,150.0,4
2.0,4.0,146.0,6
2.0,2.0,200.0,4
1.0,1.0,90.0,2
1.0,1.0,120.0,2
2.0,1.0,150.0,4
1.0,2.0,78.0,2
4.0,4.0,205.0,5
1.0,1.0,175.0,2
1.0,1.0,95.0,2
1.0,1.0,94.0,2
1.0,1.0,100.0,2
,1.0,95.0,2
1.0,1.0,66.0,2
1.0,1.0,157.0,2
,1.0,150.0,2
,2.0,87.0,3
4.0,5.0,450.0,4
3.0,3.0,425.0,4
2.0,2.0,325.0,4
1.0,1.0,58.0,1
,2.0,80.0,4
3.0,2.0,149.0,4
1.0,1.0,120.0,2
1.0,1.0,89.0,2
3.0,4.0,99.0,4
,1.0,67.0,2
1.0,1.0,42.0,2
3.0,4.0,231.0,4
1.0,1.0,230.0,4
2.0,1.0,187.0,2
1.0,1.0,89.0,2
2.0,2.0,250.0,4
1.0,1.0,114.0,2
1.0,1.0,130.0,2
3.0,6.0,326.0,4
3.0,3.0,261.0,4
1.0,2.0,105.0,2
1.0,1.0,138.0,2
,1.0,64.0,2
1.0,1.0,90.0,2
2.0,2.0,250.0,4
3.0,3.0,540.0,6
2.0,2.0,233.0,4
1.0,1.0,110.0,2
,1.0,131.0,2
1.0,,128.0,4
1.0,1.0,200.0,2
2.0,4.0,120.0,4
2.0,2.0,295.0,4
3.0,4.0,325.0,4
2.0,3.0,95.0,4
2.0,2.0,200.0,4
1.0,3.0,190.0,3
1.0,2.0,109.0,4
2.0,2.0,85.0,4
1.0,1.0,100.0,2
1.0,1.0,156.0,2
1.0,1.0,100.0,2
1.0,1.0,150.0,2
1.0,4.0,75.0,4
1.0,1.0,125.0,3
1.0,2.0,65.0,2
2.0,2.0,93.0,4
1.0,1.0,179.0,2
2.0,2.0,242.0,4
3.0,4.0,350.0,4
1.0,1.0,49.0,2
1.0,1.0,68.0,2
1.0,1.0,145.0,2
1.0,1.0,55.0,2
1.0,1.0,60.0,2
2.0,2.0,399.0,4
1.0,1.0,95.0,2
1.0,1.0,200.0,2
1.0,1.0,70.0,2
2.0,2.0,150.0,2
,1.0,105.0,2
1.0,1.0,62.0,2
1.0,1.0,170.0,2
2.0,2.0,300.0,4
2.0,2.0,160.0,4
1.0,1.0,90.0,2
1.0,1.0,100.0,2
1.0,1.0,55.0,2
1.0,1.0,125.0,2
3.0,4.0,145.0,4
2.0,3.0,119.0,4
1.0,1.0,149.0,2
1.0,1.0,116.0,2
1.0,1.0,185.0,2
2.0,2.0,174.0,2
2.0,2.0,220.0,4
1.0,2.0,100.0,4
2.0,2.0,170.0,4
2.0,2.0,300.0,4
2.0,2.0,225.0,4
,1.0,75.0,2
2.0,2.0,125.0,2
,1.0,71.0,2
1.0,1.0,157.0,2
1.0,1.0,78.0,1
1.0,1.0,220.0,2
1.0,1.0,117.0,3
1.0,1.0,169.0,2
2.0,3.0,132.0,3
1.0,1.0,216.0,2
1.0,1.0,183.0,3
1.0,2.0,85.0,3
1.0,1.0,95.0,2
2.0,3.0,170.0,4
2.0,3.0,150.0,4
2.0,3.0,171.0,4
,1.0,90.0,2
2.0,3.0,160.0,4
2.0,2.0,214.0,4
,1.0,96.0,2
1.0,1.0,220.0,2
1.0,1.0,61.0,2
1.0,1.0,159.0,4
4.0,5.0,250.0,4
1.0,1.0,110.0,2
1.0,1.0,88.0,2
1.0,2.0,200.0,4
2.0,3.0,200.0,4
1.0,1.0,125.0,2
2.0,2.0,288.0,4
3.0,5.0,486.0,4
1.0,1.0,100.0,2
1.0,1.0,99.0,2
,1.0,113.0,2
1.0,1.0,160.0,2
2.0,1.0,75.0,2
4.0,4.0,285.0,4
1.0,1.0,105.0,2
3.0,3.0,170.0,4
1.0,1.0,80.0,2
1.0,1.0,120.0,2
3.0,3.0,206.0,4
2.0,2.0,636.0,4
1.0,1.0,180.0,2
2.0,2.0,150.0,4
2.0,6.0,453.0,6
2.0,2.0,113.0,3
1.0,1.0,180.0,2
1.0,1.0,125.0,2
4.0,4.0,395.0,4
3.0,3.0,200.0,4
5.0,16.0,814.0,16
2.0,1.0,195.0,3
2.0,3.0,128.0,4
1.0,3.0,157.0,4
1.0,1.0,150.0,2
,1.0,98.0,2
2.0,2.0,200.0,3
1.0,1.0,120.0,2
1.0,1.0,86.0,2
1.0,2.0,170.0,4
3.0,4.0,200.0,4
2.0,3.0,438.0,4
4.0,5.0,175.0,6
3.0,4.0,205.0,4
1.0,1.0,110.0,2
1.0,1.0,59.0,2
3.0,4.0,235.0,4
1.0,1.0,107.0,3
2.0,3.0,200.0,4
1.0,1.0,100.0,2
1.0,1.0,200.0,2
2.0,2.0,150.0,4
1.0,1.0,95.0,2
1.0,1.0,76.0,4
3.0,4.0,250.0,4
2.0,1.0,140.0,4
2.0,2.0,59.0,3
1.0,1.0,200.0,2
1.0,2.0,159.0,2
1.0,1.0,80.0,2
2.0,3.0,250.0,5
1.0,4.0,186.0,4
3.0,4.0,302.0,4
1.0,1.0,75.0,2
1.0,1.0,85.0,2
2.0,2.0,275.0,4
1.0,4.0,157.0,4
1.0,2.0,150.0,4
1.0,1.0,105.0,2
2.0,2.0,150.0,4
2.0,2.0,175.0,4
1.0,1.0,75.0,2
2.0,2.0,220.0,4
5.0,5.0,294.0,7
,3.0,150.0,4
1.0,,180.0,3
3.0,4.0,175.0,5
1.0,1.0,54.0,2
1.0,1.0,180.0,2
2.0,2.0,250.0,4
1.0,1.0,49.0,2
2.0,2.0,123.0,4
3.0,4.0,189.0,4
1.0,1.0,109.0,3
1.0,1.0,95.0,2
1.0,1.0,160.0,2
4.0,4.0,180.0,4
1.0,1.0,89.0,2
1.0,1.0,106.0,4
2.0,1.0,92.0,4
2.0,2.0,250.0,4
1.0,1.0,81.0,2
2.0,3.0,344.0,4
1.0,1.0,150.0,2
1.0,1.0,100.0,2
1.0,1.0,250.0,2
,1.0,95.0,2
4.0,4.0,175.0,4
4.0,4.0,250.0,4
1.0,3.0,157.0,4
1.0,1.0,125.0,1
1.0,1.0,118.0,2
1.0,1.0,65.0,2
1.0,1.0,92.0,2
1.0,1.0,76.0,2
1.0,1.0,80.0,2
2.0,2.0,250.0,4
3.0,3.0,150.0,4
1.0,1.0,150.0,2
1.0,1.0,90.0,2
1.0,2.0,130.0,2
1.0,2.0,41.0,2
1.0,1.0,80.0,2
2.0,2.0,269.0,4
3.0,4.0,275.0,4
1.0,1.0,125.0,2
1.0,1.0,95.0,2
2.0,2.0,260.0,4
,2.0,97.0,2
,1.0,130.0,2
1.0,1.0,125.0,2
1.0,1.0,140.0,2
1.0,1.0,108.0,2
1.0,,146.0,2
2.0,3.0,120.0,3
2.0,3.0,75.0,4
2.0,2.0,268.0,3
2.0,3.0,75.0,4
1.0,1.0,74.0,2
3.0,3.0,199.0,4
2.0,2.0,400.0,4
1.0,2.0,41.0,2
1.0,1.0,69.0,2
4.0,4.0,250.0,5
2.0,2.0,200.0,4
1.0,2.0,190.0,2
3.0,2.0,250.0,4
1.0,1.0,140.0,2
2.0,1.0,165.0,2
,1.0,199.0,2
2.0,3.0,119.0,2
2.0,2.0,100.0,4
1.0,1.0,106.0,2
,1.0,89.0,2
1.0,1.0,25.0,2
,3.0,160.0,4
3.0,3.0,180.0,4
,1.0,133.0,2
1.0,1.0,149.0,2
1.0,1.0,204.0,3
2.0,3.0,200.0,2
2.0,7.0,152.0,8
1.0,2.0,165.0,2
1.0,2.0,154.0,2
1.0,1.0,91.0,2
1.0,2.0,100.0,2
1.0,1.0,125.0,2
2.0,3.0,129.0,4
,1.0,140.0,2
1.0,1.0,190.0,3
3.0,4.0,350.0,4
1.0,2.0,125.0,1
1.0,1.0,99.0,2
1.0,1.0,200.0,2
1.0,1.0,225.0,2
1.0,1.0,75.0,2
,1.0,95.0,2
2.0,3.0,200.0,4
1.0,1.0,126.0,2
1.0,1.0,130.0,2
1.0,1.0,54.0,2
3.0,3.0,245.0,6
1.0,1.0,110.0,2
1.0,1.0,40.0,2
4.0,4.0,140.0,4
1.0,1.0,89.0,2
1.0,1.0,125.0,1
2.0,2.0,375.0,4
2.0,2.0,249.0,4
3.0,6.0,186.0,4
2.0,2.0,120.0,3
2.0,3.0,214.0,4
3.0,4.0,150.0,4
1.0,2.0,129.0,2
2.0,2.0,350.0,4
2.0,2.0,379.0,4
1.0,1.0,135.0,2
2.0,2.0,160.0,4
2.0,2.0,200.0,4
1.0,1.0,160.0,2
1.0,4.0,75.0,4
3.0,3.0,125.0,4
4.0,6.0,329.0,7
1.0,1.0,109.0,2
2.0,3.0,350.0,5
1.0,2.0,78.0,1
2.0,2.0,200.0,4
1.0,1.0,200.0,4
1.0,2.0,240.0,4
1.0,3.0,250.0,4
4.0,7.0,275.0,4
2.0,3.0,199.0,4
4.0,4.0,200.0,4
1.0,1.0,120.0,2
1.0,1.0,400.0,2
3.0,5.0,381.0,5
2.0,2.0,499.0,3
1.0,1.0,150.0,2
1.0,1.0,171.0,2
2.0,2.0,150.0,4
1.0,1.0,100.0,2
2.0,2.0,385.0,4
2.0,3.0,155.0,4
2.0,3.0,130.0,4
2.0,1.0,71.0,3
1.0,1.0,45.0,2
1.0,1.0,75.0,4
1.0,1.0,80.0,2
2.0,2.0,70.0,2
4.0,2.0,130.0,4
1.0,1.0,55.0,2
1.0,1.0,95.0,2
1.0,1.0,100.0,2
2.0,2.0,140.0,4
2.0,2.0,136.0,4
1.0,2.0,140.0,4
1.0,1.0,65.0,2
1.0,1.0,55.0,1
2.0,2.0,160.0,4
3.0,4.0,314.0,4
1.0,1.0,89.0,2
1.0,1.0,100.0,2
1.0,1.0,95.0,2
1.0,1.0,135.0,2
2.0,2.0,354.0,4
1.0,1.0,180.0,2
1.0,1.0,95.0,2
,1.0,92.0,2
1.0,1.0,99.0,2
1.0,1.0,125.0,2
1.0,1.0,125.0,2
1.0,1.0,60.0,2
4.0,4.0,195.0,6
1.0,1.0,230.0,2
1.0,3.0,115.0,3
2.0,2.0,125.0,4
2.0,2.0,283.0,4
1.0,1.0,150.0,2
1.0,2.0,176.0,2
2.0,2.0,120.0,4
2.0,2.0,445.0,4
1.0,1.0,80.0,2
2.0,1.0,155.0,2
1.0,2.0,307.0,4
1.0,1.0,125.0,2
1.0,1.0,130.0,2
2.0,2.0,229.0,4
1.0,1.0,90.0,2
1.0,1.0,140.0,2
,1.0,50.0,2
3.0,5.0,160.0,4
1.0,1.0,95.0,2
,1.0,250.0,2
2.0,3.0,270.0,5
2.0,5.0,134.0,4
4.0,4.0,350.0,5
1.0,1.0,90.0,2
1.0,1.0,92.0,2
1.0,1.0,93.0,2
2.0,2.0,300.0,4
1.0,1.0,220.0,2
1.0,1.0,102.0,2
,1.0,100.0,2
1.0,1.0,125.0,2
2.0,2.0,300.0,3
1.0,1.0,60.0,2
1.0,1.0,69.0,2
1.0,1.0,175.0,2
1.0,1.0,209.0,2
1.0,1.0,197.0,2
1.0,1.0,197.0,2
1.0,1.0,208.0,2
1.0,1.0,231.0,2
2.0,3.0,160.0,4
1.0,,21.0,3
1.0,1.0,133.0,2
1.0,1.0,120.0,2
3.0,4.0,270.0,4
3.0,4.0,100.0,4
1.0,1.0,70.0,1
3.0,2.0,140.0,3
3.0,6.0,282.0,4
3.0,3.0,200.0,4
3.0,5.0,395.0,6
1.0,1.0,175.0,3
1.0,1.0,115.0,2
1.0,1.0,185.0,2
10.0,33.0,725.0,16
1.0,1.0,114.0,2
2.0,2.0,57.0,4
2.0,4.0,50.0,4
1.0,2.0,100.0,3
1.0,1.0,110.0,2
1.0,1.0,99.0,2
2.0,4.0,224.0,4
1.0,1.0,145.0,2
1.0,1.0,75.0,2
3.0,3.0,810.0,6
1.0,1.0,119.0,2
3.0,3.0,130.0,4
2.0,2.0,250.0,4
1.0,1.0,150.0,2
3.0,4.0,259.0,4
,1.0,100.0,2
1.0,1.0,65.0,2
2.0,3.0,235.0,4
1.0,1.0,70.0,2
1.0,1.0,150.0,2
2.0,2.0,214.0,4
1.0,1.0,93.0,2
1.0,1.0,81.0,2
1.0,2.0,120.0,3
2.0,2.0,203.0,4
1.0,1.0,100.0,1
1.0,1.0,150.0,2
5.0,6.0,450.0,7
2.0,2.0,200.0,4
1.0,1.0,136.0,2
1.0,2.0,140.0,2
1.0,1.0,114.0,2
2.0,2.0,160.0,4
1.0,1.0,50.0,2
1.0,2.0,114.0,2
1.0,1.0,59.0,2
1.0,1.0,100.0,2
2.0,2.0,119.0,3
1.0,1.0,90.0,2
1.0,1.0,90.0,2
1.0,1.0,114.0,2
2.0,2.0,136.0,4
1.0,1.0,125.0,2
3.0,3.0,175.0,4
1.0,1.0,135.0,2
1.0,1.0,150.0,2
3.0,4.0,444.0,4
2.0,2.0,99.0,4
4.0,4.0,350.0,4
3.0,6.0,250.0,4
1.0,2.0,177.0,3
2.0,2.0,295.0,4
2.0,2.0,185.0,4
1.0,1.0,140.0,2
1.0,1.0,217.0,2
1.0,3.0,100.0,2
2.0,2.0,180.0,4
1.0,1.0,99.0,2
2.0,1.0,125.0,4
1.0,1.0,155.0,2
2.0,1.0,179.0,2
3.0,5.0,190.0,5
1.0,1.0,120.0,2
2.0,2.0,123.0,4
1.0,2.0,70.0,3
1.0,1.0,140.0,2
3.0,5.0,295.0,4
3.0,3.0,260.0,5
3.0,3.0,165.0,4
1.0,1.0,80.0,2
1.0,1.0,233.0,2
3.0,4.0,300.0,4
1.0,2.0,145.0,2
1.0,1.0,94.0,2
1.0,1.0,80.0,2
1.0,1.0,106.0,2
1.0,1.0,147.0,2
,1.0,80.0,2
2.0,3.0,160.0,4
3.0,4.0,314.0,4
1.0,1.0,101.0,2
1.0,1.0,75.0,2
2.0,2.0,159.0,4
1.0,1.0,100.0,2
2.0,4.0,350.0,4
2.0,1.0,150.0,2
3.0,3.0,200.0,5
1.0,1.0,80.0,2
1.0,1.0,95.0,2
2.0,4.0,214.0,4
2.0,1.0,150.0,4
1.0,1.0,75.0,2
3.0,5.0,218.0,6
1.0,2.0,75.0,2
1.0,1.0,200.0,2
1.0,1.0,140.0,2
4.0,4.0,294.0,4
2.0,6.0,195.0,5
1.0,1.0,150.0,2
1.0,1.0,120.0,2
1.0,1.0,121.0,2
2.0,4.0,325.0,4
2.0,3.0,160.0,4
1.0,1.0,121.0,2
1.0,1.0,144.0,2
1.0,2.0,75.0,2
1.0,1.0,119.0,2
4.0,3.0,857.0,4
3.0,2.0,166.0,4
3.0,2.0,240.0,6
2.0,3.0,210.0,4
1.0,2.0,45.0,4
1.0,2.0,44.0,2
2.0,2.0,299.0,4
1.0,1.0,70.0,2
2.0,2.0,199.0,4
1.0,1.0,85.0,2
1.0,2.0,200.0,2
1.0,1.0,103.0,2
1.0,1.0,110.0,2
3.0,3.0,350.0,4
2.0,2.0,185.0,4
2.0,3.0,199.0,4
4.0,4.0,500.0,4
1.0,1.0,76.0,2
3.0,2.0,150.0,4
1.0,1.0,191.0,2
2.0,2.0,180.0,2
1.0,1.0,89.0,2
1.0,2.0,180.0,2
3.0,3.0,215.0,5
1.0,1.0,151.0,2
1.0,1.0,110.0,2
1.0,1.0,182.0,2
2.0,2.0,250.0,4
1.0,1.0,100.0,2
3.0,3.0,155.0,4
2.0,2.0,150.0,4
2.0,3.0,225.0,4
2.0,2.0,105.0,3
1.0,2.0,80.0,3
2.0,3.0,150.0,4
1.0,1.0,45.0,3
1.0,1.0,45.0,2
2.0,3.0,199.0,4
1.0,1.0,75.0,4
1.0,1.0,220.0,2
1.0,1.0,71.0,2
2.0,2.0,100.0,4
1.0,1.0,71.0,2
1.0,1.0,54.0,2
3.0,3.0,475.0,4
3.0,3.0,150.0,4
1.0,1.0,250.0,2
3.0,5.0,357.0,5
1.0,1.0,112.0,2
2.0,2.0,180.0,4
3.0,3.0,400.0,6
1.0,1.0,100.0,2
1.0,1.0,110.0,2
2.0,2.0,200.0,4
1.0,1.0,100.0,2
2.0,3.0,75.0,4
1.0,1.0,88.0,2
1.0,1.0,47.0,1
3.0,4.0,130.0,4
1.0,1.0,115.0,2
1.0,1.0,200.0,2
1.0,1.0,110.0,2
1.0,1.0,99.0,2
,1.0,89.0,2
1.0,1.0,176.0,2
1.0,1.0,176.0,2
1.0,1.0,176.0,2
1.0,1.0,176.0,2
1.0,1.0,151.0,2
1.0,1.0,161.0,2
1.0,1.0,151.0,2
1.0,1.0,151.0,2
2.0,2.0,244.0,4
1.0,1.0,99.0,2
2.0,2.0,150.0,4
3.0,2.0,345.0,4
4.0,5.0,145.0,6
1.0,1.0,220.0,2
2.0,2.0,149.0,3
1.0,1.0,82.0,2
1.0,1.0,77.0,2
2.0,2.0,156.0,4
1.0,1.0,136.0,2
1.0,1.0,89.0,2
1.0,1.0,80.0,2
1.0,2.0,149.0,4
1.0,1.0,242.0,3
1.0,1.0,90.0,2
1.0,1.0,546.0,2
1.0,1.0,86.0,2
1.0,1.0,85.0,2
1.0,1.0,117.0,2
1.0,1.0,69.0,2
,1.0,125.0,2
1.0,1.0,39.0,1
1.0,1.0,176.0,2
1.0,3.0,102.0,2
2.0,3.0,243.0,4
1.0,2.0,149.0,4
1.0,1.0,91.0,2
2.0,2.0,247.0,4
2.0,2.0,206.0,4
2.0,2.0,230.0,4
,1.0,75.0,2
1.0,1.0,180.0,2
2.0,2.0,295.0,3
1.0,1.0,112.0,2
1.0,1.0,60.0,2
1.0,2.0,189.0,2
1.0,1.0,139.0,2
1.0,2.0,99.0,4
1.0,1.0,100.0,2
1.0,1.0,232.0,2
2.0,2.0,300.0,4
2.0,2.0,225.0,4
2.0,2.0,200.0,4
1.0,2.0,125.0,3
2.0,2.0,149.0,3
2.0,2.0,220.0,4
2.0,2.0,189.0,4
1.0,1.0,161.0,2
2.0,2.0,250.0,3
1.0,2.0,150.0,2
1.0,1.0,30.0,1
2.0,2.0,209.0,4
2.0,2.0,200.0,4
,1.0,109.0,2
1.0,1.0,80.0,2
1.0,1.0,111.0,2
1.0,1.0,90.0,2
2.0,2.0,164.0,4
2.0,2.0,275.0,4
2.0,2.0,129.0,4
1.0,1.0,153.0,2
2.0,2.0,285.0,4
1.0,1.0,161.0,2
5.0,5.0,350.0,5
1.0,1.0,140.0,2
2.0,3.0,245.0,4
1.0,1.0,70.0,2
1.0,2.0,200.0,4
2.0,2.0,221.0,4
1.0,1.0,76.0,2
1.0,1.0,73.0,2
1.0,1.0,71.0,2
2.0,3.0,190.0,4
3.0,4.0,430.0,6
3.0,4.0,295.0,6
3.0,2.0,175.0,3
,4.0,131.0,4
1.0,1.0,110.0,2
1.0,1.0,119.0,2
2.0,2.0,155.0,4
2.0,2.0,295.0,4
2.0,3.0,198.0,4
2.0,1.0,115.0,2
1.0,1.0,115.0,2
1.0,1.0,90.0,2
1.0,2.0,74.0,2
1.0,1.0,56.0,2
1.0,1.0,120.0,2
1.0,1.0,600.0,2
1.0,1.0,323.0,2
2.0,2.0,129.0,3
2.0,3.0,156.0,4
1.0,1.0,90.0,2
1.0,1.0,150.0,2
1.0,1.0,277.0,2
1.0,1.0,235.0,2
1.0,1.0,49.0,2
1.0,1.0,95.0,2
1.0,2.0,129.0,2
,1.0,135.0,2
,1.0,160.0,2
2.0,3.0,300.0,4
1.0,2.0,319.0,6
1.0,2.0,235.0,4
1.0,2.0,261.0,4
1.0,,98.0,2
3.0,3.0,265.0,4
1.0,1.0,200.0,2
1.0,2.0,217.0,2
1.0,2.0,217.0,2
1.0,2.0,256.0,2
2.0,4.0,377.0,4
2.0,4.0,347.0,4
1.0,2.0,72.0,2
1.0,1.0,195.0,2
2.0,2.0,150.0,4
1.0,1.0,165.0,2
1.0,1.0,92.0,2
3.0,3.0,300.0,4
1.0,2.0,71.0,2
,,124.0,2
1.0,1.0,75.0,2
1.0,2.0,250.0,4
,1.0,55.0,2
1.0,1.0,75.0,2
3.0,3.0,250.0,4
1.0,1.0,82.0,2
2.0,2.0,491.0,4
2.0,,291.0,4
2.0,1.0,267.0,4
2.0,3.0,314.0,6
2.0,3.0,175.0,4
1.0,2.0,100.0,2
1.0,1.0,200.0,2
1.0,1.0,100.0,2
1.0,1.0,119.0,2
1.0,2.0,110.0,2
2.0,3.0,442.0,4
2.0,3.0,487.0,4
2.0,3.0,463.0,4
2.0,4.0,529.0,6
2.0,3.0,782.0,4
2.0,3.0,140.0,3
1.0,1.0,165.0,2
3.0,3.0,120.0,4
4.0,4.0,450.0,4
3.0,3.0,400.0,4
,3.0,270.0,4
1.0,1.0,113.0,2
1.0,1.0,110.0,2
1.0,1.0,51.0,1
2.0,2.0,200.0,4
2.0,2.0,280.0,3
,,155.0,2
1.0,1.0,140.0,2
3.0,4.0,1000.0,4
1.0,1.0,129.0,3
2.0,2.0,299.0,4
1.0,2.0,156.0,4
1.0,1.0,120.0,2
,1.0,110.0,2
4.0,4.0,147.0,4
,1.0,80.0,2
1.0,1.0,90.0,2
,1.0,112.0,2
1.0,1.0,120.0,2
2.0,2.0,220.0,4
3.0,1.0,140.0,4
,,137.0,2
1.0,2.0,115.0,2
2.0,2.0,175.0,4
1.0,2.0,70.0,3
1.0,1.0,110.0,2
10.0,20.0,529.0,16
1.0,1.0,95.0,2
1.0,1.0,112.0,2
1.0,1.0,117.0,2
1.0,1.0,83.0,2
1.0,1.0,99.0,2
1.0,1.0,100.0,2
,1.0,99.0,2
2.0,2.0,371.0,4
2.0,4.0,221.0,4
,1.0,90.0,2
2.0,2.0,84.0,3
1.0,2.0,100.0,4
1.0,1.0,70.0,2
1.0,1.0,80.0,2
1.0,1.0,175.0,2
3.0,3.0,400.0,6
,1.0,100.0,2
1.0,1.0,54.0,1
3.0,3.0,225.0,4
1.0,1.0,79.0,1
1.0,1.0,69.0,2
1.0,1.0,84.0,2
2.0,2.0,250.0,4
1.0,1.0,150.0,2
1.0,,45.0,2
,1.0,182.0,2
,3.0,203.0,4
1.0,3.0,233.0,2
1.0,3.0,244.0,4
2.0,3.0,615.0,6
1.0,1.0,150.0,2
1.0,2.0,75.0,2
1.0,1.0,50.0,2
1.0,,87.0,2
1.0,4.0,108.0,4
2.0,2.0,77.0,4
1.0,1.0,88.0,2
1.0,1.0,65.0,2
1.0,1.0,150.0,2
1.0,2.0,115.0,2
2.0,2.0,250.0,4
2.0,1.0,180.0,2
2.0,3.0,75.0,3
2.0,2.0,267.0,5
2.0,2.0,165.0,4
2.0,2.0,150.0,3
1.0,1.0,128.0,3
1.0,1.0,94.0,2
1.0,1.0,140.0,2
1.0,1.0,130.0,2
1.0,2.0,190.0,2
1.0,2.0,204.0,4
2.0,2.0,234.0,4
2.0,1.0,375.0,4
2.0,2.0,309.0,4
2.0,3.0,479.0,4
1.0,1.0,85.0,2
1.0,1.0,99.0,2
2.0,3.0,130.0,3
2.0,3.0,120.0,4
1.0,1.0,80.0,2
1.0,2.0,75.0,2
4.0,4.0,550.0,6
1.0,1.0,85.0,2
1.0,1.0,128.0,3
,,137.0,2
2.0,2.0,160.0,4
2.0,3.0,178.0,4
2.0,2.0,465.0,4
2.0,2.0,403.0,4
,1.0,188.0,2
1.0,2.0,198.0,2
,1.0,166.0,2
2.0,1.0,180.0,2
1.0,2.0,45.0,1
1.0,1.0,190.0,2
1.0,1.0,110.0,2
,1.0,120.0,3
2.0,2.0,250.0,4
1.0,1.0,90.0,2
1.0,1.0,100.0,2
4.0,5.0,177.0,4
,2.0,230.0,4
,1.0,171.0,2
1.0,2.0,136.0,4
2.0,3.0,214.0,5
2.0,2.0,120.0,4
1.0,2.0,75.0,4
1.0,1.0,140.0,2
1.0,1.0,161.0,2
1.0,1.0,91.0,2
,3.0,94.0,4
1.0,1.0,225.0,2
1.0,1.0,89.0,2
,1.0,149.0,2
2.0,2.0,130.0,4
1.0,1.0,130.0,2
1.0,1.0,94.0,2
1.0,1.0,100.0,2
1.0,1.0,138.0,2
1.0,1.0,145.0,2
2.0,3.0,231.0,4
1.0,1.0,67.0,2
2.0,2.0,201.0,4
3.0,4.0,297.0,4
1.0,1.0,80.0,2
3.0,5.0,255.0,4
1.0,1.0,107.0,2
1.0,2.0,92.0,3
1.0,1.0,158.0,2
3.0,3.0,219.0,4
1.0,2.0,212.0,3
2.0,2.0,230.0,4
2.0,2.0,256.0,4
2.0,2.0,200.0,3
1.0,1.0,121.0,2
1.0,1.0,82.0,2
1.0,1.0,71.0,2
2.0,2.0,250.0,4
4.0,4.0,250.0,4
2.0,3.0,277.0,6
1.0,1.0,135.0,2
1.0,2.0,125.0,2
1.0,1.0,115.0,3
1.0,1.0,125.0,2
1.0,1.0,125.0,2
1.0,1.0,125.0,2
2.0,2.0,506.0,4
1.0,2.0,112.0,4
1.0,1.0,150.0,2
1.0,1.0,79.0,2
1.0,1.0,99.0,2
2.0,2.0,220.0,4
1.0,1.0,240.0,2
1.0,1.0,35.0,1
2.0,2.0,200.0,4
1.0,1.0,165.0,2
1.0,1.0,165.0,2
2.0,2.0,330.0,4
2.0,4.0,200.0,3
1.0,1.0,135.0,2
3.0,3.0,145.0,4
3.0,3.0,380.0,4
1.0,1.0,129.0,2
3.0,2.0,165.0,4
2.0,5.0,124.0,4
2.0,2.0,325.0,4
1.0,1.0,105.0,2
3.0,1.0,180.0,4
1.0,2.0,105.0,4
3.0,6.0,230.0,6
2.0,2.0,150.0,2
1.0,1.0,268.0,2
1.0,2.0,207.0,4
2.0,2.0,160.0,2
1.0,1.0,61.0,3
1.0,1.0,78.0,2
3.0,3.0,260.0,4
1.0,1.0,130.0,2
2.0,2.0,206.0,4
2.0,3.0,200.0,4
2.0,2.0,194.0,4
1.0,1.0,90.0,2
2.0,2.0,126.0,4
,2.0,135.0,3
2.0,2.0,300.0,4
1.0,1.0,115.0,2
1.0,2.0,105.0,2
2.0,3.0,75.0,4
1.0,1.0,32.0,1
1.0,1.0,93.0,2
1.0,1.0,31.0,1
1.0,1.0,20.0,1
1.0,1.0,25.0,1
1.0,1.0,25.0,1
1.0,1.0,65.0,2
1.0,1.0,22.0,1
1.0,1.0,73.0,2
1.0,1.0,125.0,2
1.0,1.0,200.0,2
2.0,2.0,110.0,4
1.0,1.0,500.0,2
4.0,5.0,600.0,7
1.0,1.0,91.0,2
1.0,1.0,100.0,2
1.0,2.0,325.0,4
2.0,2.0,231.0,4
1.0,1.0,145.0,2
1.0,2.0,350.0,1
2.0,3.0,100.0,3
1.0,1.0,60.0,2
1.0,1.0,160.0,2
1.0,1.0,125.0,2
1.0,1.0,79.0,2
1.0,1.0,106.0,2
1.0,2.0,80.0,2
1.0,1.0,350.0,2
1.0,1.0,71.0,2
1.0,1.0,161.0,2
1.0,1.0,101.0,2
1.0,1.0,161.0,2
1.0,1.0,153.0,2
1.0,1.0,180.0,2
1.0,1.0,159.0,2
1.0,1.0,151.0,2
1.0,2.0,248.0,2
1.0,2.0,241.0,4
1.0,2.0,241.0,4
1.0,2.0,271.0,4
1.0,3.0,261.0,6
1.0,3.0,261.0,6
1.0,2.0,251.0,4
1.0,1.0,80.0,2
1.0,1.0,80.0,2
1.0,1.0,75.0,2
1.0,2.0,201.0,4
2.0,2.0,200.0,4
2.0,1.0,150.0,4
4.0,5.0,266.0,4
2.0,2.0,160.0,4
,3.0,132.0,4
2.0,2.0,100.0,4
1.0,1.0,150.0,2
1.0,1.0,170.0,2
1.0,,200.0,2
2.0,3.0,182.0,4
2.0,2.0,294.0,2
,3.0,138.0,3
2.0,2.0,285.0,4
,2.0,325.0,4
1.0,1.0,62.0,2
,1.0,74.0,2
,,69.0,2
2.0,2.0,255.0,4
1.0,1.0,75.0,2
1.0,1.0,99.0,2
2.0,2.0,100.0,4
1.0,1.0,161.0,2
2.0,2.0,490.0,4
,,100.0,2
1.0,1.0,160.0,2
1.0,1.0,22.0,1
1.0,1.0,29.0,1
1.0,1.0,33.0,1
1.0,1.0,31.0,1
1.0,1.0,31.0,1
1.0,1.0,25.0,1
1.0,1.0,38.0,1
1.0,1.0,83.0,1
1.0,1.0,101.0,2
1.0,2.0,165.0,4
1.0,1.0,108.0,2
1.0,1.0,42.0,1
1.0,1.0,135.0,2
1.0,1.0,140.0,2
1.0,2.0,157.0,3
1.0,1.0,72.0,2
2.0,2.0,222.0,4
1.0,2.0,214.0,4
2.0,3.0,150.0,4
1.0,2.0,45.0,2
1.0,1.0,98.0,2
1.0,1.0,192.0,2
1.0,1.0,149.0,2
1.0,4.0,193.0,4
1.0,1.0,200.0,4
1.0,1.0,75.0,2
1.0,1.0,150.0,2
1.0,1.0,155.0,2
1.0,2.0,115.0,2
2.0,2.0,290.0,4
1.0,2.0,85.0,2
1.0,1.0,1057.0,2
2.0,2.0,150.0,4
3.0,4.0,200.0,6
,1.0,160.0,2
1.0,1.0,53.0,2
1.0,1.0,82.0,2
3.0,4.0,435.0,6
1.0,2.0,165.0,4
1.0,2.0,191.0,4
1.0,3.0,185.0,4
1.0,2.0,138.0,2
1.0,2.0,140.0,2
4.0,4.0,499.0,6
1.0,1.0,148.0,2
1.0,1.0,98.0,2
1.0,1.0,150.0,2
3.0,4.0,150.0,4
1.0,1.0,80.0,2
1.0,1.0,150.0,2
1.0,1.0,120.0,2
1.0,1.0,199.0,2
1.0,1.0,225.0,2
2.0,4.0,120.0,4
2.0,4.0,120.0,4
2.0,2.0,285.0,2
3.0,1.0,195.0,4
2.0,2.0,399.0,4
1.0,1.0,140.0,2
3.0,3.0,195.0,5
,1.0,84.0,2
1.0,1.0,228.0,2
1.0,1.0,140.0,2
1.0,2.0,220.0,2
2.0,3.0,149.0,4
1.0,1.0,139.0,2
1.0,2.0,129.0,3
1.0,1.0,150.0,2
1.0,1.0,158.0,2
,1.0,131.0,2
2.0,2.0,357.0,4
1.0,2.0,122.0,4
2.0,2.0,143.0,4
2.0,2.0,154.0,3
2.0,3.0,154.0,4
1.0,1.0,84.0,2
1.0,1.0,85.0,2
5.0,6.0,150.0,4
1.0,3.0,118.0,4
2.0,2.0,153.0,4
1.0,4.0,107.0,4
2.0,2.0,180.0,4
1.0,1.0,200.0,2
1.0,1.0,140.0,2
1.0,1.0,165.0,2
1.0,1.0,132.0,2
1.0,1.0,75.0,2
1.0,1.0,150.0,2
3.0,2.0,135.0,4
3.0,4.0,129.0,4
1.0,1.0,100.0,2
2.0,2.0,102.0,4
1.0,2.0,76.0,2
2.0,3.0,295.0,5
1.0,1.0,96.0,2
1.0,1.0,249.0,2
1.0,2.0,50.0,3
1.0,1.0,70.0,1
1.0,2.0,120.0,4
1.0,1.0,275.0,2
,1.0,91.0,2
1.0,1.0,152.0,2
2.0,2.0,270.0,4
1.0,1.0,150.0,2
,1.0,70.0,1
1.0,1.0,152.0,2
3.0,3.0,150.0,4
1.0,1.0,175.0,2
1.0,1.0,210.0,2
1.0,1.0,180.0,2
1.0,2.0,74.0,2
1.0,2.0,74.0,2
2.0,2.0,104.0,4
1.0,1.0,75.0,2
2.0,4.0,200.0,4
1.0,1.0,175.0,2
1.0,2.0,80.0,2
1.0,2.0,40.0,2
3.0,1.0,131.0,4
3.0,2.0,125.0,4
2.0,3.0,500.0,4
2.0,3.0,306.0,4
2.0,5.0,185.0,4
1.0,1.0,174.0,2
1.0,1.0,125.0,2
1.0,2.0,103.0,3
1.0,1.0,90.0,2
1.0,1.0,51.0,2
2.0,3.0,299.0,4
1.0,1.0,155.0,2
1.0,1.0,105.0,2
1.0,1.0,150.0,2
1.0,1.0,90.0,2
4.0,4.0,450.0,6
2.0,2.0,159.0,4
1.0,1.0,55.0,1
1.0,2.0,125.0,4
5.0,11.0,330.0,12
1.0,1.0,120.0,2
1.0,1.0,50.0,2
1.0,4.0,125.0,3
3.0,3.0,250.0,4
1.0,,126.0,2
2.0,2.0,220.0,4
1.0,1.0,70.0,2
3.0,1.0,199.0,4
2.0,3.0,200.0,4
3.0,3.0,190.0,4
1.0,1.0,55.0,2
1.0,1.0,217.0,2
1.0,1.0,386.0,2
1.0,2.0,260.0,3
1.0,1.0,217.0,2
1.0,1.0,70.0,2
2.0,2.0,240.0,4
1.0,2.0,78.0,2
,,55.0,2
1.0,1.0,106.0,2
1.0,1.0,87.0,2
1.0,1.0,160.0,2
1.0,1.0,130.0,2
1.0,1.0,150.0,2
4.0,4.0,200.0,4
2.0,2.0,313.0,4
1.0,1.0,153.0,2
1.0,1.0,115.0,2
1.0,1.0,78.0,2
1.0,2.0,160.0,3
1.0,1.0,156.0,2
2.0,2.0,182.0,4
3.0,3.0,135.0,4
1.0,1.0,150.0,2
2.0,3.0,309.0,4
1.0,2.0,160.0,4
2.0,2.0,149.0,4
3.0,4.0,329.0,4
1.0,1.0,150.0,4
1.0,1.0,120.0,2
1.0,1.0,125.0,2
2.0,3.0,170.0,4
2.0,2.0,350.0,4
2.0,2.0,350.0,4
2.0,2.0,127.0,4
4.0,4.0,210.0,4
5.0,11.0,160.0,12
1.0,1.0,150.0,2
1.0,1.0,129.0,2
1.0,1.0,80.0,2
2.0,4.0,163.0,4
2.0,2.0,120.0,3
2.0,2.0,175.0,4
3.0,2.0,300.0,4
3.0,3.0,750.0,4
1.0,1.0,175.0,2
3.0,4.0,395.0,5
2.0,4.0,225.0,4
2.0,2.0,362.0,4
1.0,1.0,80.0,2
3.0,4.0,350.0,6
2.0,2.0,198.0,4
1.0,1.0,107.0,2
3.0,3.0,235.0,4
4.0,4.0,195.0,6
5.0,5.0,400.0,10
1.0,1.0,60.0,2
1.0,2.0,200.0,4
3.0,5.0,99.0,4
3.0,5.0,225.0,4
2.0,2.0,200.0,3
1.0,1.0,130.0,2
3.0,2.0,200.0,4
3.0,3.0,215.0,4
1.0,1.0,151.0,2
1.0,1.0,50.0,2
2.0,1.0,120.0,3
1.0,,144.0,2
1.0,1.0,199.0,2
4.0,4.0,185.0,4
3.0,2.0,180.0,4
1.0,2.0,198.0,4
1.0,1.0,200.0,2
2.0,2.0,181.0,4
2.0,2.0,120.0,4
1.0,1.0,91.0,2
2.0,3.0,890.0,6
1.0,1.0,128.0,2
3.0,4.0,210.0,6
4.0,4.0,199.0,5
1.0,1.0,100.0,2
2.0,1.0,120.0,2
1.0,1.0,147.0,2
1.0,1.0,93.0,2
1.0,1.0,99.0,2
3.0,4.0,120.0,4
1.0,2.0,93.0,2
1.0,1.0,60.0,1
1.0,3.0,140.0,2
1.0,2.0,220.0,3
1.0,3.0,212.0,4
1.0,1.0,125.0,2
1.0,1.0,161.0,2
4.0,5.0,189.0,4
1.0,,82.0,2
1.0,4.0,187.0,4
2.0,3.0,165.0,2
2.0,2.0,200.0,4
3.0,3.0,180.0,5
4.0,4.0,180.0,5
4.0,7.0,464.0,7
1.0,1.0,90.0,2
3.0,6.0,348.0,6
2.0,6.0,339.0,6
2.0,5.0,549.0,5
4.0,6.0,578.0,6
2.0,5.0,342.0,5
3.0,6.0,409.0,6
2.0,3.0,149.0,4
1.0,1.0,65.0,2
1.0,1.0,198.0,2
,1.0,79.0,2
1.0,1.0,129.0,2
2.0,4.0,124.0,2
2.0,2.0,70.0,4
1.0,2.0,66.0,2
1.0,1.0,94.0,2
3.0,5.0,200.0,5
1.0,1.0,80.0,3
1.0,1.0,350.0,2
1.0,2.0,25.0,1
1.0,4.0,276.0,4
1.0,2.0,273.0,4
2.0,3.0,150.0,4
2.0,3.0,100.0,4
2.0,3.0,102.0,4
2.0,2.0,200.0,4
2.0,2.0,450.0,4
1.0,1.0,150.0,2
1.0,1.0,90.0,2
3.0,4.0,170.0,4
1.0,2.0,24.0,1
1.0,1.0,185.0,2
,,100.0,2
1.0,1.0,75.0,2
3.0,3.0,115.0,4
,1.0,80.0,2
1.0,1.0,110.0,2
1.0,1.0,175.0,2
1.0,1.0,109.0,2
4.0,4.0,240.0,4
4.0,4.0,177.0,4
3.0,3.0,115.0,4
2.0,2.0,206.0,4
2.0,2.0,40.0,1
4.0,3.0,95.0,4
1.0,1.0,138.0,2
,,99.0,2
1.0,1.0,115.0,2
,1.0,94.0,2
1.0,1.0,95.0,2
3.0,4.0,450.0,4
1.0,1.0,115.0,4
1.0,1.0,135.0,2
,1.0,90.0,2
2.0,,89.0,4
2.0,2.0,100.0,4
2.0,2.0,199.0,4
2.0,4.0,150.0,4
2.0,3.0,225.0,4
2.0,3.0,125.0,2
3.0,2.0,235.0,6
1.0,2.0,99.0,3
1.0,1.0,143.0,2
1.0,1.0,150.0,2
1.0,2.0,180.0,2
1.0,1.0,140.0,2
1.0,1.0,56.0,2
,1.0,90.0,4
1.0,1.0,150.0,2
2.0,3.0,165.0,4
2.0,3.0,225.0,4
3.0,3.0,521.0,4
1.0,1.0,50.0,2
1.0,2.0,89.0,4
2.0,2.0,200.0,4
1.0,1.0,180.0,2
4.0,4.0,295.0,4
1.0,2.0,110.0,2
2.0,4.0,150.0,4
4.0,4.0,375.0,6
1.0,1.0,153.0,2
2.0,2.0,130.0,4
2.0,4.0,145.0,4
,2.0,92.0,4
1.0,1.0,180.0,2
1.0,2.0,70.0,3
1.0,1.0,110.0,3
1.0,1.0,88.0,2
1.0,2.0,92.0,4
1.0,2.0,92.0,4
1.0,2.0,97.0,4
1.0,2.0,97.0,4
2.0,3.0,221.0,4
1.0,1.0,55.0,2
1.0,1.0,159.0,2
1.0,2.0,81.0,2
2.0,1.0,664.0,4
2.0,2.0,350.0,4
2.0,2.0,200.0,4
1.0,1.0,195.0,2
1.0,1.0,125.0,1
2.0,2.0,240.0,4
1.0,1.0,109.0,2
2.0,2.0,120.0,2
2.0,4.0,150.0,4
1.0,1.0,100.0,2
3.0,4.0,350.0,4
2.0,4.0,150.0,4
2.0,3.0,125.0,4
1.0,2.0,136.0,4
3.0,3.0,120.0,4
1.0,1.0,91.0,1
1.0,1.0,106.0,1
1.0,1.0,242.0,2
1.0,1.0,209.0,2
1.0,1.0,140.0,2
2.0,2.0,200.0,3
1.0,1.0,128.0,1
3.0,3.0,110.0,5
1.0,1.0,55.0,2
,1.0,98.0,2
1.0,1.0,120.0,2
1.0,2.0,271.0,3
2.0,2.0,160.0,4
1.0,1.0,99.0,2
1.0,1.0,50.0,2
1.0,1.0,120.0,2
1.0,1.0,80.0,2
1.0,1.0,193.0,2
2.0,3.0,275.0,4
4.0,5.0,654.0,6
1.0,1.0,55.0,1
,1.0,77.0,2
1.0,1.0,100.0,4
2.0,1.0,180.0,4
2.0,2.0,110.0,4
1.0,1.0,60.0,2
1.0,1.0,135.0,2
2.0,2.0,160.0,4
1.0,1.0,164.0,2
1.0,1.0,84.0,2
1.0,1.0,130.0,2
1.0,1.0,140.0,3
1.0,1.0,150.0,2
1.0,,109.0,2
2.0,2.0,380.0,4
2.0,3.0,80.0,4
1.0,1.0,88.0,2
1.0,,150.0,2
1.0,1.0,135.0,2
,1.0,65.0,2
2.0,2.0,240.0,4
1.0,1.0,50.0,1
1.0,,89.0,2
,1.0,105.0,2
1.0,1.0,105.0,2
1.0,2.0,129.0,3
1.0,1.0,140.0,2
2.0,2.0,133.0,4
1.0,1.0,150.0,2
1.0,4.0,263.0,4
2.0,3.0,130.0,4
,,150.0,2
2.0,2.0,150.0,4
1.0,1.0,130.0,2
1.0,1.0,110.0,2
1.0,1.0,75.0,2
3.0,2.0,295.0,6
,1.0,200.0,2
1.0,1.0,110.0,2
2.0,3.0,75.0,4
2.0,1.0,220.0,2
1.0,1.0,49.0,2
1.0,1.0,75.0,2
1.0,1.0,71.0,2
1.0,1.0,49.0,2
1.0,1.0,45.0,2
1.0,1.0,57.0,2
3.0,1.0,175.0,4
2.0,2.0,165.0,4
2.0,3.0,230.0,4
1.0,1.0,49.0,2
2.0,2.0,145.0,4
1.0,1.0,157.0,2
2.0,2.0,125.0,2
2.0,2.0,150.0,4
1.0,1.0,132.0,2
2.0,4.0,235.0,4
3.0,4.0,300.0,6
,1.0,93.0,2
1.0,1.0,120.0,2
,3.0,50.0,2
1.0,1.0,54.0,2
2.0,2.0,152.0,4
1.0,1.0,100.0,2
1.0,2.0,240.0,4
2.0,3.0,160.0,2
1.0,1.0,95.0,1
1.0,1.0,155.0,2
1.0,1.0,135.0,2
2.0,4.0,270.0,4
1.0,2.0,95.0,3
1.0,2.0,119.0,2
2.0,2.0,248.0,4
1.0,1.0,111.0,2
1.0,1.0,60.0,2
1.0,1.0,138.0,2
1.0,1.0,100.0,2
,3.0,229.0,4
1.0,1.0,200.0,2
2.0,2.0,300.0,4
1.0,1.0,75.0,2
1.0,1.0,76.0,2
2.0,2.0,150.0,4
1.0,1.0,120.0,2
2.0,3.0,133.0,4
2.0,1.0,314.0,4
1.0,1.0,145.0,2
1.0,2.0,133.0,4
1.0,1.0,120.0,2
1.0,1.0,75.0,2
1.0,1.0,125.0,2
1.0,1.0,107.0,2
1.0,1.0,130.0,2
2.0,2.0,250.0,4
2.0,2.0,250.0,4
1.0,1.0,160.0,2
1.0,,60.0,2
1.0,1.0,183.0,2
1.0,1.0,70.0,2
2.0,2.0,162.0,4
1.0,1.0,180.0,2
1.0,1.0,149.0,2
,2.0,137.0,4
1.0,1.0,120.0,2
4.0,3.0,295.0,4
2.0,3.0,175.0,2
2.0,2.0,295.0,4
1.0,1.0,50.0,2
2.0,2.0,325.0,3
1.0,1.0,40.0,2
1.0,1.0,200.0,2
1.0,1.0,241.0,2
1.0,1.0,87.0,2
1.0,1.0,88.0,2
1.0,2.0,56.0,1
1.0,1.0,53.0,1
3.0,3.0,600.0,4
1.0,2.0,138.0,3
1.0,1.0,49.0,2
1.0,1.0,49.0,2
1.0,1.0,49.0,2
1.0,1.0,100.0,2
1.0,1.0,125.0,2
,1.0,110.0,2
2.0,2.0,140.0,4
1.0,1.0,150.0,2
2.0,2.0,75.0,4
1.0,1.0,66.0,2
1.0,1.0,110.0,2
1.0,2.0,125.0,3
1.0,1.0,75.0,2
,,55.0,2
2.0,2.0,80.0,4
2.0,,185.0,4
1.0,1.0,144.0,2
2.0,2.0,140.0,4
1.0,1.0,186.0,2
1.0,2.0,175.0,4
1.0,1.0,130.0,2
1.0,3.0,160.0,3
1.0,1.0,120.0,2
4.0,6.0,250.0,4
1.0,1.0,200.0,2
1.0,1.0,248.0,2
1.0,1.0,73.0,2
1.0,1.0,78.0,2
1.0,1.0,130.0,2
1.0,1.0,75.0,2
1.0,,96.0,2
1.0,1.0,80.0,2
3.0,3.0,300.0,6
1.0,2.0,65.0,3
2.0,2.0,29.0,4
1.0,1.0,152.0,2
1.0,1.0,130.0,2
2.0,2.0,180.0,4
1.0,1.0,140.0,2
1.0,1.0,150.0,2
1.0,1.0,104.0,2
3.0,4.0,140.0,5
2.0,2.0,300.0,4
1.0,1.0,80.0,2
1.0,1.0,76.0,2
1.0,2.0,75.0,2
3.0,3.0,88.0,4
1.0,1.0,80.0,2
1.0,1.0,92.0,2
1.0,1.0,97.0,1
1.0,1.0,200.0,2
1.0,1.0,250.0,2
2.0,2.0,175.0,4
1.0,1.0,100.0,2
1.0,3.0,132.0,4
2.0,2.0,350.0,4
1.0,1.0,78.0,1
2.0,2.0,269.0,4
1.0,2.0,300.0,4
1.0,2.0,100.0,2
3.0,3.0,395.0,4
2.0,5.0,120.0,5
1.0,1.0,120.0,2
1.0,1.0,200.0,2
1.0,1.0,150.0,2
1.0,1.0,215.0,2
1.0,1.0,64.0,2
1.0,2.0,250.0,4
1.0,1.0,239.0,2
1.0,1.0,295.0,2
1.0,2.0,170.0,4
1.0,1.0,220.0,2
2.0,2.0,113.0,4
2.0,3.0,110.0,4
3.0,3.0,104.0,4
1.0,1.0,49.0,2
1.0,1.0,48.0,1
1.0,1.0,130.0,2
2.0,2.0,219.0,4
1.0,1.0,100.0,2
1.0,1.0,220.0,2
1.0,1.0,158.0,2
1.0,1.0,129.0,2
1.0,1.0,179.0,2
1.0,1.0,126.0,2
1.0,1.0,58.0,1
1.0,1.0,204.0,2
8.0,24.0,730.0,16
3.0,3.0,161.0,3
1.0,1.0,150.0,2
,1.0,100.0,2
3.0,2.0,150.0,4
1.0,1.0,105.0,4
2.0,2.0,156.0,4
1.0,1.0,100.0,2
1.0,1.0,150.0,2
1.0,1.0,136.0,2
1.0,1.0,135.0,2
2.0,2.0,157.0,2
1.0,2.0,240.0,2
1.0,1.0,84.0,2
1.0,1.0,210.0,2
1.0,1.0,70.0,2
1.0,1.0,259.0,2
1.0,1.0,140.0,2
1.0,1.0,225.0,2
2.0,2.0,150.0,3
1.0,1.0,250.0,2
3.0,6.0,346.0,6
2.0,2.0,320.0,4
1.0,1.0,79.0,1
4.0,5.0,179.0,5
2.0,2.0,190.0,2
1.0,1.0,150.0,2
1.0,1.0,120.0,2
1.0,1.0,140.0,2
,1.0,125.0,2
2.0,2.0,170.0,3
1.0,1.0,140.0,2
1.0,1.0,264.0,2
1.0,2.0,120.0,2
2.0,2.0,175.0,4
1.0,1.0,179.0,2
2.0,2.0,200.0,4
1.0,1.0,130.0,2
3.0,3.0,280.0,6
1.0,1.0,220.0,2
1.0,1.0,100.0,2
1.0,1.0,110.0,4
1.0,1.0,112.0,3
1.0,1.0,100.0,2
2.0,3.0,145.0,3
1.0,2.0,142.0,2
2.0,2.0,64.0,4
1.0,1.0,85.0,2
1.0,2.0,115.0,3
1.0,1.0,155.0,2
1.0,1.0,80.0,2
2.0,3.0,340.0,4
2.0,2.0,360.0,4
2.0,2.0,120.0,4
2.0,2.0,189.0,4
,1.0,120.0,1
2.0,4.0,240.0,4
4.0,5.0,399.0,8
1.0,1.0,180.0,2
1.0,2.0,120.0,2
1.0,1.0,164.0,2
1.0,1.0,71.0,2
1.0,1.0,175.0,2
2.0,2.0,332.0,4
1.0,2.0,99.0,2
2.0,2.0,306.0,4
2.0,2.0,468.0,4
1.0,1.0,90.0,2
1.0,1.0,121.0,2
2.0,3.0,183.0,5
1.0,1.0,68.0,2
1.0,1.0,94.0,2
1.0,1.0,180.0,2
1.0,1.0,158.0,2
6.0,11.0,1400.0,13
2.0,3.0,500.0,4
,1.0,188.0,2
1.0,1.0,201.0,2
1.0,2.0,215.0,4
1.0,2.0,242.0,4
1.0,2.0,322.0,4
2.0,3.0,559.0,6
1.0,1.0,350.0,4
1.0,1.0,160.0,2
3.0,3.0,130.0,4
3.0,3.0,200.0,6
1.0,1.0,74.0,3
1.0,1.0,125.0,2
2.0,5.0,110.0,4
1.0,1.0,82.0,2
2.0,2.0,32.0,3
,1.0,192.0,2
1.0,1.0,139.0,2
2.0,3.0,300.0,6
1.0,1.0,300.0,4
2.0,1.0,120.0,4
3.0,3.0,350.0,4
1.0,1.0,186.0,2
1.0,1.0,85.0,2
1.0,1.0,131.0,2
3.0,4.0,570.0,4
2.0,2.0,150.0,4
2.0,1.0,280.0,4
2.0,2.0,208.0,4
1.0,1.0,100.0,2
3.0,2.0,100.0,4
2.0,2.0,400.0,4
1.0,,59.0,2
1.0,1.0,90.0,2
1.0,1.0,82.0,2
1.0,1.0,90.0,2
1.0,1.0,125.0,2
1.0,1.0,70.0,2
2.0,2.0,150.0,4
,1.0,96.0,2
1.0,1.0,60.0,2
1.0,2.0,176.0,2
2.0,2.0,130.0,4
1.0,1.0,140.0,2
1.0,1.0,66.0,2
1.0,1.0,175.0,2
,1.0,115.0,2
1.0,2.0,117.0,4
1.0,2.0,132.0,4
1.0,1.0,100.0,2
1.0,,100.0,3
3.0,3.0,200.0,4
1.0,2.0,115.0,2
1.0,1.0,175.0,2
1.0,2.0,66.0,2
1.0,1.0,195.0,2
,,50.0,2
1.0,1.0,85.0,2
1.0,2.0,63.0,2
,1.0,94.0,2
2.0,2.0,140.0,3
1.0,1.0,88.0,2
,2.0,135.0,3
1.0,1.0,72.0,3
1.0,1.0,150.0,2
3.0,1.0,191.0,2
1.0,1.0,99.0,2
1.0,1.0,60.0,1
1.0,1.0,220.0,2
1.0,1.0,79.0,2
2.0,2.0,200.0,4
1.0,1.0,105.0,2
2.0,2.0,199.0,4
2.0,3.0,150.0,4
2.0,1.0,102.0,2
,1.0,158.0,2
1.0,1.0,210.0,2
4.0,4.0,200.0,4
1.0,1.0,55.0,2
4.0,4.0,250.0,5
2.0,2.0,250.0,4
1.0,1.0,150.0,2
2.0,2.0,307.0,4
2.0,2.0,123.0,4
1.0,1.0,65.0,2
4.0,7.0,500.0,6
1.0,1.0,170.0,2
1.0,2.0,100.0,2
3.0,3.0,235.0,5
1.0,1.0,138.0,2
2.0,2.0,350.0,4
1.0,1.0,132.0,2
1.0,1.0,27.0,1
1.0,1.0,80.0,2
2.0,2.0,190.0,4
1.0,1.0,204.0,2
3.0,3.0,320.0,4
1.0,1.0,100.0,3
1.0,1.0,92.0,2
3.0,3.0,106.0,2
3.0,2.0,350.0,3
1.0,1.0,94.0,2
1.0,4.0,223.0,4
1.0,1.0,180.0,2
1.0,1.0,110.0,2
2.0,2.0,172.0,4
1.0,2.0,131.0,2
4.0,5.0,350.0,6
2.0,2.0,150.0,2
2.0,4.0,192.0,4
1.0,1.0,100.0,2
1.0,1.0,176.0,2
,1.0,50.0,1
2.0,2.0,187.0,4
,1.0,50.0,2
2.0,4.0,295.0,4
1.0,1.0,290.0,2
1.0,1.0,24.0,1
1.0,1.0,90.0,2
1.0,1.0,49.0,1
2.0,2.0,290.0,4
2.0,4.0,184.0,4
1.0,2.0,190.0,2
1.0,2.0,166.0,2
1.0,18.0,500.0,16
,1.0,189.0,2
2.0,2.0,112.0,3
2.0,3.0,120.0,3
2.0,3.0,161.0,4
1.0,1.0,100.0,2
4.0,5.0,300.0,6
4.0,4.0,180.0,4
2.0,2.0,200.0,4
1.0,1.0,100.0,2
1.0,1.0,138.0,2
1.0,1.0,198.0,2
,2.0,67.0,2
2.0,2.0,80.0,4
3.0,3.0,300.0,4
1.0,1.0,150.0,2
3.0,3.0,115.0,4
4.0,4.0,675.0,4
1.0,1.0,150.0,2
1.0,2.0,146.0,4
1.0,1.0,108.0,2
1.0,2.0,70.0,2
1.0,1.0,80.0,2
1.0,1.0,110.0,2
2.0,2.0,175.0,4
3.0,3.0,250.0,4
1.0,1.0,71.0,2
1.0,2.0,71.0,2
2.0,2.0,425.0,4
1.0,1.0,56.0,2
1.0,1.0,119.0,2
1.0,1.0,100.0,2
1.0,1.0,124.0,2
1.0,1.0,76.0,2
2.0,3.0,298.0,4
1.0,1.0,166.0,2
1.0,1.0,100.0,2
1.0,1.0,99.0,2
3.0,3.0,150.0,4
2.0,2.0,279.0,4
1.0,2.0,93.0,2
1.0,1.0,89.0,2
1.0,1.0,86.0,2
1.0,1.0,106.0,2
1.0,1.0,86.0,2
1.0,2.0,71.0,3
1.0,1.0,71.0,4
1.0,1.0,85.0,2
5.0,8.0,550.0,8
1.0,1.0,179.0,2
2.0,2.0,98.0,4
4.0,12.0,432.0,12
1.0,2.0,71.0,2
2.0,2.0,300.0,4
1.0,2.0,71.0,3
4.0,14.0,363.0,16
1.0,2.0,71.0,2
1.0,2.0,71.0,2
1.0,6.0,124.0,6
2.0,3.0,135.0,4
2.0,2.0,180.0,3
1.0,3.0,220.0,5
2.0,2.0,329.0,3
1.0,1.0,160.0,2
1.0,1.0,37.0,2
1.0,3.0,116.0,3
1.0,3.0,116.0,3
1.0,1.0,175.0,2
2.0,2.0,126.0,4
3.0,5.0,169.0,5
2.0,5.0,169.0,5
2.0,2.0,150.0,3
1.0,,80.0,2
,,0.0,10
1.0,1.0,85.0,2
,,0.0,3
,,0.0,4
3.0,3.0,180.0,4
1.0,2.0,190.0,4
2.0,3.0,286.0,5
3.0,5.0,346.0,7
2.0,2.0,300.0,4
3.0,3.0,215.0,4
1.0,1.0,60.0,2
1.0,1.0,120.0,2
1.0,2.0,103.0,2
1.0,1.0,55.0,1
3.0,3.0,175.0,5
1.0,1.0,49.0,2
1.0,1.0,175.0,2
2.0,1.0,70.0,2
1.0,,48.0,2
1.0,,48.0,2
2.0,2.0,200.0,4
1.0,1.0,49.0,2
2.0,2.0,320.0,4
2.0,2.0,150.0,4
4.0,5.0,250.0,4
2.0,2.0,114.0,4
1.0,2.0,145.0,2
1.0,1.0,190.0,2
1.0,1.0,125.0,2
4.0,5.0,200.0,4
2.0,2.0,350.0,4
3.0,5.0,675.0,6
3.0,3.0,250.0,4
1.0,1.0,180.0,2
1.0,1.0,110.0,2
,1.0,128.0,2
1.0,1.0,114.0,2
1.0,,200.0,2
1.0,,214.0,2
1.0,1.0,245.0,2
1.0,,309.0,2
1.0,2.0,260.0,2
1.0,,280.0,2
1.0,,364.0,2
1.0,2.0,211.0,2
1.0,1.0,160.0,2
1.0,1.0,80.0,2
1.0,1.0,295.0,2
2.0,3.0,175.0,5
1.0,1.0,110.0,2
1.0,2.0,511.0,2
,1.0,50.0,2
,1.0,50.0,2
2.0,2.0,205.0,4
,1.0,81.0,1
,2.0,99.0,2
,2.0,85.0,2
2.0,2.0,195.0,3
,4.0,144.0,4
,5.0,144.0,6
,4.0,135.0,4
,1.0,108.0,2
,4.0,131.0,4
,,0.0,0
1.0,,6477.0,2
1.0,1.0,6477.0,2
1.0,1.0,100.0,2
,,0.0,0
1.0,1.0,49.0,2
1.0,1.0,65.0,2
1.0,1.0,100.0,2
2.0,2.0,127.0,4
1.0,1.0,93.0,2
2.0,2.0,128.0,4
1.0,1.0,49.0,2
1.0,1.0,162.0,2
4.0,4.0,350.0,7
1.0,1.0,81.0,2
1.0,1.0,75.0,2
,1.0,90.0,2
2.0,2.0,350.0,4
1.0,2.0,150.0,4
1.0,1.0,85.0,2
1.0,1.0,181.0,2
1.0,1.0,115.0,2
1.0,1.0,91.0,2
1.0,1.0,74.0,2
1.0,2.0,135.0,4
1.0,1.0,111.0,2
1.0,4.0,140.0,4
1.0,1.0,68.0,1
1.0,2.0,123.0,3
1.0,1.0,210.0,2
1.0,2.0,1200.0,4
2.0,4.0,125.0,3
1.0,1.0,119.0,2
1.0,1.0,99.0,2
,,95.0,2
2.0,2.0,140.0,2
3.0,3.0,175.0,4
1.0,1.0,44.0,2
1.0,1.0,89.0,2
1.0,1.0,100.0,2
1.0,2.0,115.0,3
1.0,1.0,126.0,2
1.0,1.0,103.0,2
1.0,1.0,80.0,2
3.0,4.0,140.0,6
,1.0,137.0,2
,1.0,139.0,2
2.0,2.0,167.0,4
2.0,4.0,77.0,3
2.0,2.0,245.0,3
2.0,,130.0,6
2.0,6.0,130.0,6
1.0,3.0,80.0,3
,1.0,110.0,2
1.0,2.0,150.0,4
1.0,,70.0,2
1.0,1.0,275.0,2
,2.0,139.0,2
3.0,2.0,429.0,4
2.0,2.0,249.0,4
1.0,1.0,125.0,3
5.0,8.0,200.0,4
1.0,1.0,89.0,1
3.0,3.0,450.0,4
2.0,6.0,180.0,6
1.0,4.0,169.0,4
1.0,1.0,109.0,3
1.0,1.0,99.0,4
2.0,2.0,95.0,4
1.0,1.0,280.0,2
1.0,,200.0,2
,1.0,150.0,2
1.0,2.0,61.0,2
1.0,,250.0,2
2.0,4.0,200.0,4
1.0,3.0,80.0,3
4.0,4.0,375.0,4
2.0,1.0,137.0,2
2.0,3.0,75.0,4
1.0,1.0,115.0,2
1.0,1.0,88.0,2
2.0,4.0,174.0,4
2.0,2.0,120.0,3
1.0,1.0,79.0,2
1.0,2.0,101.0,4
1.0,1.0,90.0,2
3.0,3.0,125.0,4
1.0,2.0,150.0,4
1.0,2.0,110.0,2
3.0,4.0,129.0,4
4.0,4.0,159.0,5
1.0,1.0,140.0,2
2.0,,293.0,4
1.0,3.0,448.0,3
1.0,4.0,500.0,4
1.0,1.0,95.0,2
2.0,4.0,157.0,4
1.0,1.0,115.0,2
1.0,1.0,125.0,2
1.0,,67.0,3
1.0,6.0,101.0,6
1.0,2.0,70.0,3
,1.0,50.0,2
,1.0,50.0,2
3.0,6.0,250.0,6
1.0,1.0,175.0,2
2.0,2.0,160.0,4
3.0,4.0,123.0,4
1.0,1.0,213.0,2
1.0,1.0,105.0,2
2.0,2.0,277.0,4
1.0,,350.0,2
1.0,1.0,135.0,2
2.0,1.0,145.0,2
,1.0,265.0,3
1.0,1.0,71.0,2
2.0,4.0,145.0,4
2.0,4.0,170.0,4
4.0,4.0,346.0,4
2.0,3.0,220.0,4
1.0,1.0,150.0,2
1.0,1.0,92.0,2
1.0,1.0,103.0,2
1.0,2.0,117.0,3
1.0,2.0,159.0,4
1.0,5.0,199.0,5
1.0,3.0,137.0,4
1.0,2.0,164.0,3
1.0,1.0,103.0,2
1.0,1.0,125.0,2
1.0,1.0,125.0,2
2.0,2.0,104.0,4
1.0,1.0,125.0,2
1.0,1.0,170.0,2
1.0,1.0,95.0,2
2.0,2.0,150.0,4
2.0,2.0,249.0,4
1.0,1.0,119.0,2
1.0,1.0,120.0,2
1.0,2.0,149.0,2
1.0,1.0,42.0,1
2.0,2.0,115.0,4
2.0,4.0,145.0,4
2.0,4.0,140.0,4
2.0,4.0,179.0,4
1.0,2.0,144.0,4
2.0,3.0,269.0,4
3.0,4.0,110.0,6
1.0,1.0,75.0,2
2.0,4.0,169.0,4
1.0,1.0,140.0,2
2.0,3.0,164.0,4
2.0,3.0,165.0,4
2.0,1.0,166.0,4
1.0,1.0,136.0,2
1.0,1.0,129.0,2
1.0,1.0,132.0,2
1.0,1.0,134.0,2
1.0,1.0,300.0,2
1.0,1.0,65.0,2
1.0,2.0,199.0,4
,1.0,122.0,4
1.0,1.0,74.0,2
1.0,1.0,94.0,2
1.0,2.0,103.0,2
1.0,1.0,160.0,2
,3.0,95.0,2
,,66.0,2
,,66.0,2
2.0,2.0,180.0,4
2.0,2.0,236.0,3
1.0,1.0,110.0,2
1.0,1.0,102.0,2
3.0,4.0,195.0,4
2.0,3.0,180.0,4
2.0,2.0,350.0,4
1.0,,100.0,2
1.0,1.0,74.0,2
1.0,1.0,92.0,2
1.0,1.0,109.0,2
1.0,1.0,121.0,2
1.0,2.0,130.0,3
1.0,1.0,181.0,2
1.0,1.0,88.0,2
1.0,1.0,332.0,2
,1.0,400.0,4
1.0,3.0,253.0,4
1.0,2.0,85.0,4
1.0,5.0,80.0,5
1.0,1.0,22.0,1
2.0,3.0,249.0,5
3.0,5.0,266.0,4
1.0,2.0,316.0,3
,1.0,75.0,2
,1.0,75.0,2
,,50.0,2
,1.0,90.0,2
1.0,1.0,100.0,2
1.0,1.0,160.0,2
2.0,2.0,200.0,4
,1.0,101.0,2
1.0,1.0,85.0,2
2.0,2.0,118.0,4
1.0,1.0,91.0,2
1.0,1.0,207.0,2
1.0,,80.0,4
1.0,,60.0,2
1.0,1.0,98.0,2
1.0,2.0,52.0,3
1.0,2.0,77.0,2
1.0,1.0,189.0,3
2.0,1.0,336.0,2
1.0,1.0,76.0,1
1.0,1.0,86.0,2
1.0,2.0,131.0,3
1.0,1.0,136.0,2
1.0,,144.0,2
1.0,3.0,97.0,3
1.0,1.0,100.0,2
3.0,5.0,421.0,6
1.0,2.0,79.0,2
1.0,1.0,79.0,2
1.0,4.0,93.0,4
2.0,2.0,135.0,3
2.0,2.0,167.0,4
,,0.0,0
1.0,1.0,180.0,2
1.0,1.0,96.0,2
1.0,1.0,119.0,2
1.0,3.0,131.0,4
1.0,1.0,38.0,1
1.0,1.0,68.0,2
1.0,1.0,56.0,2
1.0,1.0,88.0,2
1.0,3.0,152.0,4
1.0,1.0,133.0,2
1.0,1.0,73.0,2
1.0,1.0,103.0,2
1.0,1.0,163.0,2
1.0,3.0,111.0,3
1.0,5.0,190.0,5
1.0,4.0,152.0,4
1.0,1.0,205.0,2
1.0,1.0,180.0,2
1.0,1.0,192.0,2
1.0,1.0,187.0,2
1.0,1.0,164.0,2
1.0,2.0,175.0,2
1.0,1.0,205.0,2
1.0,3.0,262.0,4
1.0,2.0,197.0,3
2.0,2.0,249.0,4
,2.0,109.0,2
1.0,1.0,117.0,4
4.0,4.0,500.0,4
1.0,2.0,68.0,2
1.0,2.0,66.0,2
1.0,2.0,68.0,2
1.0,1.0,86.0,2
1.0,2.0,68.0,2
1.0,1.0,98.0,2
1.0,1.0,75.0,2
1.0,1.0,81.0,2
2.0,,104.0,4
1.0,3.0,103.0,3
1.0,5.0,115.0,5
1.0,1.0,107.0,2
1.0,1.0,35.0,2
1.0,1.0,102.0,2
2.0,1.0,70.0,3
1.0,1.0,204.0,2
1.0,1.0,124.0,2
1.0,1.0,109.0,2
3.0,3.0,150.0,4
1.0,1.0,83.0,2
2.0,2.0,540.0,4
2.0,2.0,150.0,4
2.0,3.0,67.0,4
,2.0,77.0,4
1.0,1.0,128.0,2
1.0,1.0,151.0,2
1.0,1.0,75.0,2
1.0,2.0,150.0,2
1.0,2.0,155.0,4
1.0,8.0,264.0,8
1.0,5.0,160.0,5
1.0,1.0,200.0,2
1.0,1.0,38.0,2
,1.0,70.0,2
1.0,1.0,213.0,2
1.0,1.0,120.0,2
2.0,3.0,225.0,4
4.0,5.0,455.0,4
1.0,2.0,83.0,3
2.0,4.0,269.0,4
1.0,1.0,76.0,2
,1.0,76.0,2
,1.0,60.0,2
,1.0,60.0,2
,1.0,54.0,2
,1.0,59.0,2
,1.0,79.0,3
,1.0,54.0,2
,1.0,61.0,2
,1.0,56.0,2
,1.0,61.0,2
,1.0,61.0,2
1.0,1.0,86.0,2
1.0,3.0,117.0,4
1.0,1.0,68.0,2
1.0,1.0,68.0,2
1.0,1.0,68.0,2
1.0,1.0,50.0,2
1.0,2.0,161.0,4
1.0,1.0,85.0,2
1.0,2.0,151.0,4
2.0,2.0,125.0,4
2.0,2.0,127.0,4
1.0,1.0,83.0,2
1.0,2.0,83.0,2
1.0,1.0,50.0,1
1.0,1.0,160.0,2
,1.0,111.0,2
,2.0,118.0,4
1.0,2.0,163.0,4
2.0,4.0,183.0,6
2.0,4.0,187.0,6
3.0,6.0,236.0,8
2.0,4.0,333.0,6
3.0,6.0,442.0,8
1.0,1.0,165.0,2
3.0,1.0,395.0,4
1.0,1.0,400.0,2
1.0,1.0,130.0,2
2.0,2.0,200.0,4
2.0,2.0,120.0,3
1.0,1.0,175.0,2
2.0,1.0,150.0,3
1.0,1.0,150.0,2
,2.0,129.0,2
2.0,2.0,400.0,4
1.0,2.0,84.0,3
1.0,1.0,169.0,2
1.0,1.0,142.0,2
,,0.0,0
1.0,1.0,80.0,2
1.0,1.0,99.0,2
1.0,1.0,107.0,2
1.0,1.0,46.0,2
1.0,,234.0,2
1.0,1.0,275.0,3
2.0,,55.0,4
1.0,1.0,67.0,2
1.0,1.0,51.0,2
1.0,1.0,51.0,2
1.0,1.0,49.0,2
1.0,1.0,63.0,2
1.0,1.0,54.0,2
1.0,1.0,51.0,2
1.0,1.0,46.0,2
1.0,1.0,51.0,2
3.0,2.0,299.0,4
1.0,1.0,275.0,2
,1.0,177.0,2
1.0,1.0,138.0,2
1.0,,158.0,2
1.0,1.0,123.0,2
1.0,1.0,110.0,2
1.0,1.0,149.0,2
1.0,1.0,189.0,3
1.0,1.0,229.0,3
1.0,1.0,129.0,2
3.0,5.0,209.0,6
1.0,1.0,250.0,1
1.0,2.0,182.0,4
1.0,1.0,250.0,1
1.0,1.0,140.0,2
1.0,1.0,166.0,2
1.0,1.0,250.0,1
2.0,3.0,143.0,4
2.0,3.0,198.0,4
3.0,5.0,340.0,6
2.0,2.0,155.0,4
2.0,2.0,188.0,4
3.0,4.0,340.0,6
2.0,3.0,176.0,4
2.0,4.0,176.0,4
4.0,8.0,361.0,7
1.0,3.0,143.0,4
1.0,2.0,165.0,4
2.0,3.0,198.0,4
2.0,3.0,198.0,4
3.0,4.0,210.0,6
1.0,1.0,145.0,2
2.0,4.0,187.0,4
1.0,2.0,143.0,4
2.0,2.0,318.0,6
2.0,4.0,250.0,4
1.0,2.0,102.0,3
1.0,2.0,134.0,2
1.0,2.0,167.0,3
1.0,1.0,134.0,2
1.0,2.0,167.0,3
1.0,2.0,208.0,4
1.0,1.0,135.0,2
1.0,2.0,271.0,4
1.0,2.0,211.0,3
1.0,1.0,181.0,2
1.0,1.0,161.0,2
1.0,1.0,171.0,2
,,100.0,2
1.0,,80.0,2
1.0,1.0,185.0,3
1.0,2.0,148.0,3
1.0,3.0,40.0,2
1.0,1.0,130.0,2
3.0,4.0,330.0,5
4.0,5.0,397.0,6
1.0,1.0,117.0,4
3.0,3.0,500.0,5
1.0,2.0,105.0,2
1.0,1.0,107.0,4
,1.0,135.0,2
1.0,1.0,133.0,4
,1.0,111.0,2
2.0,3.0,176.0,4
2.0,2.0,105.0,4
1.0,1.0,125.0,2
3.0,3.0,85.0,5
2.0,3.0,166.0,4
2.0,3.0,166.0,4
2.0,3.0,176.0,4
1.0,1.0,100.0,2
1.0,,131.0,2
2.0,2.0,175.0,4
2.0,2.0,60.0,4
2.0,2.0,150.0,3
1.0,1.0,95.0,2
2.0,4.0,275.0,4
1.0,2.0,101.0,2
1.0,2.0,101.0,2
2.0,4.0,275.0,4
1.0,1.0,99.0,2
1.0,1.0,190.0,2
2.0,2.0,136.0,4
1.0,1.0,114.0,2
1.0,1.0,126.0,2
2.0,2.0,300.0,4
1.0,1.0,75.0,4
2.0,4.0,125.0,4
,1.0,85.0,2
1.0,8.0,202.0,8
2.0,3.0,449.0,4
1.0,1.0,55.0,1
1.0,1.0,55.0,1
3.0,5.0,470.0,4
1.0,2.0,110.0,3
1.0,,64.0,2
1.0,1.0,150.0,4
1.0,1.0,114.0,2
2.0,2.0,173.0,4
3.0,4.0,250.0,5
,1.0,85.0,2
1.0,2.0,100.0,4
1.0,1.0,150.0,2
,1.0,99.0,3
1.0,,50.0,1
1.0,1.0,165.0,2
1.0,1.0,70.0,2
1.0,2.0,125.0,2
1.0,1.0,175.0,2
2.0,1.0,160.0,2
1.0,2.0,75.0,3
4.0,5.0,135.0,6
2.0,1.0,59.0,2
4.0,6.0,225.0,6
2.0,2.0,195.0,4
1.0,1.0,150.0,2
1.0,1.0,87.0,2
4.0,5.0,500.0,8
1.0,,120.0,2
2.0,2.0,200.0,3
1.0,1.0,73.0,1
1.0,1.0,92.0,2
3.0,3.0,144.0,4
1.0,1.0,105.0,2
1.0,2.0,87.0,2
1.0,2.0,92.0,2
1.0,2.0,105.0,2
1.0,3.0,128.0,3
,1.0,164.0,2
3.0,3.0,200.0,4
2.0,3.0,109.0,4
1.0,1.0,74.0,2
1.0,1.0,76.0,2
1.0,1.0,74.0,2
1.0,1.0,135.0,2
3.0,4.0,371.0,4
1.0,1.0,74.0,2
2.0,2.0,100.0,4
1.0,1.0,135.0,2
2.0,2.0,150.0,2
1.0,,150.0,2
1.0,1.0,179.0,3
1.0,1.0,169.0,2
1.0,,175.0,2
1.0,1.0,91.0,2
1.0,1.0,49.0,2
3.0,3.0,289.0,4
2.0,3.0,135.0,5
1.0,1.0,49.0,2
1.0,1.0,176.0,2
1.0,1.0,90.0,2
2.0,2.0,83.0,4
1.0,1.0,88.0,2
1.0,1.0,95.0,2
2.0,4.0,164.0,4
2.0,2.0,143.0,4
2.0,2.0,119.0,4
1.0,1.0,123.0,2
1.0,2.0,75.0,2
2.0,2.0,250.0,4
1.0,1.0,168.0,2
2.0,4.0,175.0,4
1.0,,175.0,2
1.0,2.0,210.0,2
3.0,3.0,175.0,4
2.0,2.0,265.0,4
2.0,3.0,99.0,2
1.0,1.0,75.0,1
1.0,1.0,145.0,2
1.0,1.0,55.0,2
2.0,1.0,99.0,2
1.0,1.0,67.0,2
1.0,3.0,117.0,3
2.0,2.0,250.0,4
1.0,1.0,120.0,2
1.0,1.0,150.0,2
1.0,1.0,126.0,2
2.0,2.0,350.0,4
4.0,5.0,200.0,4
3.0,3.0,140.0,4
1.0,1.0,100.0,2
1.0,1.0,90.0,2
1.0,1.0,105.0,2
2.0,2.0,180.0,4
2.0,2.0,314.0,4
1.0,1.0,137.0,2
1.0,1.0,59.0,1
2.0,3.0,200.0,4
1.0,1.0,81.0,2
1.0,1.0,86.0,2
1.0,1.0,91.0,2
1.0,2.0,118.0,3
1.0,1.0,93.0,2
1.0,2.0,99.0,2
1.0,1.0,113.0,2
1.0,2.0,149.0,2
1.0,1.0,92.0,2
3.0,3.0,200.0,3
,1.0,75.0,2
2.0,2.0,349.0,4
2.0,4.0,68.0,4
1.0,1.0,114.0,2
1.0,,120.0,2
1.0,1.0,200.0,2
1.0,,130.0,2
1.0,,260.0,2
1.0,1.0,140.0,2
3.0,3.0,199.0,4
2.0,2.0,175.0,4
1.0,,150.0,2
1.0,1.0,100.0,2
1.0,1.0,49.0,2
1.0,,111.0,1
2.0,4.0,300.0,4
2.0,2.0,152.0,4
1.0,,100.0,2
2.0,2.0,135.0,2
1.0,1.0,180.0,2
2.0,2.0,125.0,4
2.0,2.0,120.0,3
1.0,1.0,119.0,2
2.0,3.0,199.0,4
1.0,1.0,120.0,2
1.0,1.0,82.0,2
1.0,1.0,120.0,2
1.0,1.0,122.0,2
1.0,3.0,209.0,3
1.0,1.0,178.0,2
1.0,2.0,122.0,2
1.0,,129.0,2
,1.0,30.0,3
2.0,2.0,250.0,4
1.0,1.0,150.0,2
1.0,1.0,118.0,2
,1.0,450.0,2
2.0,4.0,163.0,4
1.0,,110.0,2
1.0,1.0,100.0,2
1.0,,100.0,6
1.0,1.0,130.0,2
2.0,3.0,249.0,4
3.0,3.0,400.0,4
2.0,2.0,255.0,4
1.0,3.0,81.0,2
1.0,1.0,104.0,2
1.0,1.0,104.0,2
5.0,6.0,195.0,4
1.0,1.0,98.0,2
3.0,4.0,300.0,4
1.0,1.0,89.0,2
1.0,1.0,63.0,2
1.0,,100.0,2
1.0,2.0,150.0,2
1.0,1.0,126.0,2
1.0,1.0,275.0,2
2.0,2.0,150.0,3
1.0,1.0,175.0,2
,1.0,149.0,2
5.0,5.0,325.0,6
1.0,,120.0,2
,1.0,79.0,2
1.0,1.0,134.0,2
1.0,1.0,60.0,2
1.0,2.0,69.0,2
1.0,2.0,100.0,3
1.0,2.0,113.0,4
2.0,3.0,275.0,4
1.0,1.0,100.0,2
3.0,3.0,180.0,4
,,79.0,2
2.0,2.0,537.0,4
,1.0,60.0,2
,2.0,94.0,3
3.0,2.0,160.0,4
1.0,1.0,64.0,2
1.0,1.0,60.0,2
,,60.0,2
1.0,1.0,123.0,2
,,60.0,2
,2.0,72.0,4
3.0,5.0,310.0,4
,3.0,74.0,4
2.0,2.0,338.0,4
3.0,4.0,199.0,4
2.0,3.0,250.0,4
,3.0,60.0,2
,,73.0,4
,2.0,73.0,4
,2.0,60.0,2
,2.0,73.0,4
1.0,1.0,64.0,2
1.0,1.0,116.0,2
1.0,1.0,249.0,2
1.0,1.0,110.0,2
3.0,3.0,200.0,4
4.0,4.0,245.0,7
3.0,3.0,350.0,4
2.0,2.0,200.0,3
2.0,2.0,175.0,3
2.0,2.0,361.0,5
,1.0,98.0,2
1.0,1.0,195.0,2
1.0,1.0,140.0,2
1.0,1.0,100.0,2
1.0,1.0,150.0,2
1.0,3.0,85.0,3
1.0,1.0,150.0,2
1.0,1.0,95.0,2
2.0,2.0,95.0,4
3.0,3.0,208.0,4
2.0,4.0,145.0,4
2.0,2.0,450.0,4
1.0,1.0,165.0,2
1.0,1.0,150.0,2
1.0,,134.0,2
1.0,1.0,178.0,2
1.0,1.0,202.0,2
1.0,1.0,163.0,2
2.0,1.0,331.0,4
2.0,,165.0,4
1.0,1.0,300.0,2
1.0,3.0,83.0,4
1.0,1.0,128.0,2
1.0,,149.0,2
1.0,2.0,253.0,4
1.0,1.0,144.0,2
2.0,2.0,289.0,4
1.0,1.0,150.0,2
1.0,2.0,86.0,3
1.0,,45.0,2
2.0,3.0,150.0,4
2.0,3.0,249.0,4
1.0,1.0,80.0,2
1.0,1.0,125.0,2
1.0,1.0,100.0,2
1.0,1.0,95.0,2
1.0,2.0,95.0,2
3.0,3.0,195.0,4
1.0,1.0,80.0,2
1.0,1.0,96.0,2
1.0,5.0,207.0,9
1.0,1.0,189.0,2
1.0,1.0,250.0,2
1.0,1.0,212.0,2
1.0,1.0,140.0,2
2.0,3.0,75.0,4
1.0,1.0,111.0,2
1.0,1.0,44.0,2
2.0,2.0,200.0,3
,1.0,79.0,2
,1.0,79.0,2
1.0,1.0,904.0,2
1.0,2.0,120.0,3
1.0,,165.0,2
1.0,1.0,195.0,2
1.0,1.0,120.0,2
2.0,1.0,160.0,4
1.0,1.0,100.0,2
1.0,1.0,295.0,2
2.0,2.0,230.0,4
3.0,2.0,300.0,4
,1.0,70.0,2
1.0,2.0,115.0,2
1.0,1.0,213.0,2
1.0,1.0,130.0,2
2.0,2.0,197.0,4
,1.0,56.0,2
1.0,1.0,45.0,1
1.0,1.0,169.0,2
1.0,1.0,130.0,2
2.0,2.0,275.0,3
1.0,1.0,110.0,2
1.0,1.0,45.0,1
1.0,,124.0,3
2.0,2.0,125.0,4
1.0,1.0,140.0,2
2.0,2.0,350.0,4
1.0,1.0,115.0,2
,1.0,234.0,2
,1.0,89.0,2
1.0,1.0,151.0,2
,1.0,50.0,2
,1.0,50.0,2
,,50.0,2
,1.0,50.0,2
1.0,1.0,190.0,2
1.0,,981.0,2
2.0,2.0,160.0,4
1.0,1.0,150.0,2
2.0,2.0,175.0,4
1.0,1.0,117.0,2
2.0,2.0,180.0,4
1.0,1.0,220.0,2
1.0,1.0,898.0,2
1.0,1.0,150.0,2
1.0,1.0,99.0,2
1.0,3.0,89.0,3
1.0,1.0,103.0,2
1.0,1.0,108.0,3
2.0,2.0,195.0,3
1.0,1.0,200.0,2
1.0,1.0,105.0,2
1.0,,115.0,2
,1.0,79.0,2
,1.0,79.0,2
1.0,1.0,125.0,2
3.0,3.0,141.0,4
2.0,3.0,200.0,4
2.0,2.0,550.0,4
,1.0,68.0,2
2.0,2.0,245.0,4
2.0,2.0,261.0,4
1.0,1.0,53.0,2
1.0,1.0,50.0,2
3.0,,700.0,6
1.0,1.0,100.0,2
4.0,4.0,600.0,8
1.0,1.0,250.0,2
2.0,,295.0,4
1.0,1.0,133.0,2
1.0,1.0,60.0,3
1.0,1.0,50.0,2
1.0,1.0,88.0,2
1.0,1.0,89.0,2
1.0,1.0,200.0,2
,1.0,62.0,2
1.0,1.0,140.0,2
1.0,,85.0,4
2.0,2.0,99.0,4
1.0,2.0,1399.0,4
2.0,1.0,185.0,3
1.0,1.0,100.0,2
1.0,1.0,115.0,2
2.0,2.0,200.0,4
2.0,2.0,300.0,4
1.0,2.0,65.0,2
2.0,2.0,250.0,4
1.0,1.0,151.0,2
1.0,,100.0,3
1.0,1.0,225.0,2
2.0,2.0,150.0,4
3.0,3.0,150.0,4
1.0,1.0,127.0,2
2.0,2.0,300.0,4
1.0,2.0,92.0,2
2.0,3.0,264.0,4
2.0,2.0,150.0,3
1.0,1.0,125.0,2
1.0,1.0,149.0,2
1.0,2.0,195.0,3
1.0,1.0,100.0,3
3.0,3.0,180.0,4
2.0,2.0,120.0,4
1.0,1.0,120.0,2
1.0,1.0,115.0,2
2.0,2.0,160.0,4
1.0,1.0,190.0,2
2.0,2.0,279.0,4
1.0,1.0,155.0,2
1.0,1.0,200.0,2
3.0,3.0,179.0,6
1.0,,110.0,2
1.0,1.0,180.0,2
2.0,2.0,548.0,4
,1.0,65.0,2
1.0,1.0,51.0,2
1.0,,49.0,2
1.0,2.0,100.0,4
1.0,1.0,150.0,2
1.0,1.0,150.0,2
2.0,3.0,114.0,3
1.0,1.0,555.0,2
,4.0,60.0,4
2.0,,94.0,3
1.0,1.0,92.0,2
2.0,1.0,250.0,2
1.0,,149.0,2
1.0,1.0,143.0,2
2.0,2.0,217.0,4
2.0,2.0,275.0,4
1.0,1.0,119.0,2
1.0,1.0,175.0,2
1.0,1.0,105.0,2
1.0,1.0,80.0,2
1.0,1.0,125.0,2
1.0,1.0,70.0,2
1.0,,100.0,2
1.0,1.0,150.0,2
1.0,1.0,177.0,2
1.0,1.0,75.0,1
3.0,5.0,250.0,4
4.0,3.0,140.0,4
1.0,1.0,250.0,3
1.0,1.0,110.0,2
3.0,4.0,374.0,6
2.0,,371.0,4
1.0,2.0,95.0,2
,3.0,60.0,3
1.0,2.0,100.0,2
1.0,2.0,124.0,2
2.0,2.0,188.0,4
1.0,,188.0,2
1.0,1.0,100.0,2
2.0,,225.0,3
2.0,3.0,75.0,4
1.0,2.0,64.0,2
2.0,2.0,240.0,4
3.0,2.0,139.0,2
1.0,2.0,45.0,3
2.0,2.0,212.0,4
3.0,3.0,780.0,6
1.0,2.0,93.0,2
1.0,1.0,188.0,2
1.0,2.0,93.0,2
1.0,2.0,93.0,2
1.0,2.0,86.0,2
1.0,1.0,93.0,2
1.0,1.0,95.0,2
1.0,2.0,93.0,2
1.0,1.0,75.0,1
3.0,3.0,144.0,4
2.0,3.0,75.0,4
2.0,2.0,75.0,4
3.0,3.0,250.0,6
2.0,2.0,435.0,4
1.0,1.0,125.0,2
1.0,1.0,118.0,2
3.0,3.0,303.0,5
1.0,1.0,177.0,2
1.0,1.0,105.0,2
2.0,3.0,186.0,4
1.0,1.0,116.0,2
1.0,1.0,130.0,3
1.0,1.0,170.0,2
1.0,1.0,153.0,2
2.0,2.0,198.0,4
1.0,1.0,60.0,2
1.0,1.0,75.0,2
1.0,1.0,100.0,2
1.0,1.0,160.0,2
2.0,2.0,189.0,4
2.0,2.0,101.0,4
5.0,3.0,500.0,8
1.0,1.0,131.0,2
1.0,2.0,202.0,4
2.0,2.0,192.0,4
3.0,2.0,416.0,4
1.0,,200.0,4
1.0,,225.0,2
2.0,,144.0,4
1.0,1.0,149.0,2
1.0,1.0,150.0,2
1.0,4.0,95.0,4
1.0,1.0,188.0,2
1.0,,94.0,2
2.0,3.0,127.0,4
1.0,1.0,120.0,2
3.0,2.0,214.0,6
1.0,1.0,80.0,2
1.0,,76.0,2
,1.0,60.0,2
,1.0,60.0,2
1.0,,65.0,2
1.0,1.0,99.0,2
1.0,2.0,165.0,2
1.0,1.0,110.0,2
1.0,1.0,90.0,1
2.0,2.0,337.0,4
1.0,2.0,155.0,2
1.0,1.0,250.0,2
1.0,1.0,194.0,2
2.0,,250.0,4
1.0,1.0,137.0,2
,,67.0,4
1.0,1.0,189.0,2
1.0,1.0,101.0,2
1.0,2.0,120.0,3
1.0,1.0,148.0,2
2.0,3.0,175.0,4
3.0,5.0,400.0,7
2.0,2.0,145.0,3
1.0,1.0,181.0,2
1.0,2.0,115.0,4
1.0,1.0,125.0,2
1.0,2.0,79.0,2
1.0,1.0,70.0,2
1.0,1.0,90.0,2
1.0,,120.0,2
2.0,2.0,230.0,4
3.0,2.0,117.0,4
1.0,,275.0,2
,2.0,155.0,2
1.0,1.0,135.0,2
1.0,1.0,112.0,2
3.0,3.0,395.0,4
2.0,2.0,299.0,4
2.0,2.0,186.0,2
1.0,1.0,175.0,2
1.0,1.0,150.0,2
1.0,,207.0,2
3.0,1.0,68.0,3
1.0,1.0,1400.0,2
1.0,1.0,120.0,1
1.0,1.0,129.0,2
3.0,3.0,99.0,4
2.0,2.0,78.0,4
2.0,2.0,300.0,4
3.0,3.0,238.0,6
1.0,1.0,139.0,2
2.0,,450.0,6
2.0,2.0,210.0,3
1.0,1.0,135.0,2
1.0,1.0,100.0,1
3.0,3.0,240.0,4
1.0,,108.0,2
1.0,2.0,220.0,3
1.0,2.0,80.0,2
1.0,1.0,149.0,2
1.0,1.0,85.0,2
1.0,,175.0,2
1.0,1.0,105.0,2
3.0,3.0,525.0,4
2.0,3.0,96.0,4
1.0,1.0,225.0,2
2.0,2.0,145.0,4
2.0,2.0,250.0,4
1.0,1.0,861.0,2
,1.0,209.0,2
3.0,2.0,97.0,4
1.0,1.0,120.0,2
1.0,1.0,149.0,2
1.0,1.0,53.0,1
1.0,1.0,167.0,2
1.0,1.0,299.0,3
1.0,2.0,416.0,3
1.0,1.0,312.0,2
1.0,2.0,162.0,2
1.0,1.0,145.0,2
2.0,3.0,110.0,3
2.0,2.0,200.0,4
1.0,1.0,135.0,2
2.0,2.0,75.0,4
3.0,4.0,476.0,4
3.0,4.0,229.0,5
2.0,4.0,228.0,4
3.0,4.0,300.0,7
1.0,,143.0,2
2.0,1.0,175.0,3
2.0,2.0,230.0,4
1.0,1.0,105.0,2
1.0,1.0,180.0,2
1.0,1.0,80.0,2
3.0,3.0,250.0,5
1.0,2.0,136.0,4
3.0,3.0,500.0,4
1.0,1.0,176.0,2
2.0,2.0,196.0,4
2.0,2.0,86.0,4
,1.0,138.0,2
2.0,3.0,236.0,4
,1.0,126.0,2
1.0,1.0,75.0,4
1.0,1.0,121.0,2
2.0,2.0,200.0,3
4.0,7.0,475.0,7
2.0,1.0,42.0,1
1.0,2.0,90.0,2
3.0,3.0,160.0,4
5.0,5.0,1880.0,5
2.0,2.0,180.0,4
1.0,1.0,250.0,2
2.0,2.0,275.0,4
1.0,1.0,94.0,2
1.0,,180.0,2
2.0,2.0,177.0,4
1.0,1.0,75.0,2
1.0,1.0,160.0,2
3.0,6.0,433.0,6
2.0,6.0,342.0,6
2.0,2.0,400.0,4
1.0,1.0,179.0,2
,,79.0,3
1.0,,160.0,2
1.0,1.0,220.0,2
1.0,1.0,91.0,2
2.0,5.0,396.0,5
4.0,6.0,471.0,6
2.0,5.0,422.0,5
1.0,1.0,208.0,2
1.0,6.0,114.0,6
1.0,,102.0,2
2.0,2.0,250.0,4
2.0,2.0,299.0,3
1.0,1.0,131.0,2
1.0,1.0,88.0,2
3.0,2.0,350.0,4
1.0,1.0,149.0,3
1.0,,140.0,2
2.0,2.0,169.0,4
1.0,,125.0,2
1.0,1.0,159.0,2
1.0,,80.0,2
1.0,1.0,138.0,2
1.0,1.0,70.0,2
1.0,2.0,23.0,1
2.0,2.0,123.0,4
1.0,1.0,101.0,2
1.0,,174.0,2
1.0,1.0,150.0,2
1.0,1.0,65.0,2
1.0,3.0,232.0,5
2.0,2.0,350.0,4
3.0,3.0,160.0,4
2.0,2.0,400.0,4
1.0,1.0,100.0,2
1.0,1.0,66.0,2
1.0,,150.0,2
2.0,2.0,215.0,4
2.0,1.0,191.0,4
2.0,1.0,165.0,3
1.0,1.0,118.0,2
1.0,1.0,272.0,2
1.0,1.0,120.0,2
1.0,1.0,80.0,2
2.0,2.0,179.0,3
2.0,2.0,115.0,4
1.0,,199.0,2
1.0,2.0,55.0,3
1.0,,256.0,3
1.0,1.0,100.0,3
2.0,1.0,52.0,4
1.0,1.0,140.0,2
1.0,1.0,150.0,2
2.0,2.0,136.0,2
1.0,1.0,145.0,2
1.0,,154.0,2
3.0,2.0,150.0,5
1.0,1.0,120.0,2
1.0,,175.0,2
1.0,1.0,84.0,2
1.0,1.0,107.0,2
1.0,2.0,304.0,3
,1.0,60.0,2
1.0,1.0,150.0,2
1.0,,240.0,2
2.0,,70.0,2
2.0,2.0,196.0,4
1.0,1.0,119.0,2
2.0,3.0,150.0,3
,4.0,70.0,4
,1.0,60.0,2
1.0,1.0,250.0,2
1.0,6.0,114.0,6
1.0,2.0,51.0,2
1.0,6.0,114.0,6
1.0,8.0,139.0,8
1.0,1.0,150.0,2
,2.0,100.0,4
2.0,2.0,199.0,4
1.0,,100.0,2
2.0,,264.0,4
1.0,1.0,202.0,2
1.0,,65.0,1
1.0,,59.0,2
2.0,2.0,290.0,4
2.0,1.0,63.0,2
1.0,4.0,188.0,4
2.0,5.0,469.0,4
3.0,4.0,469.0,4
1.0,3.0,120.0,4
2.0,4.0,225.0,4
1.0,1.0,110.0,2
2.0,2.0,200.0,4
,,65.0,2
1.0,1.0,59.0,2
1.0,,118.0,2
1.0,2.0,149.0,3
1.0,1.0,94.0,2
1.0,2.0,40.0,2
2.0,2.0,199.0,4
2.0,3.0,155.0,4
1.0,1.0,170.0,2
1.0,1.0,200.0,3
4.0,4.0,292.0,8
2.0,2.0,150.0,4
1.0,,90.0,2
2.0,1.0,76.0,4
2.0,2.0,250.0,4
1.0,1.0,188.0,2
1.0,1.0,120.0,2
6.0,6.0,480.0,6
,1.0,99.0,2
1.0,1.0,115.0,2
1.0,2.0,116.0,4
4.0,6.0,530.0,8
2.0,2.0,120.0,4
2.0,3.0,140.0,4
2.0,3.0,200.0,4
2.0,2.0,116.0,4
5.0,8.0,800.0,8
